0;23.6
0.5;23.65
1;23.65
1.5;23.69
2;23.69
2.5;23.74
3;23.74
3.5;23.8
4;23.87
4.5;23.87
5;23.94
5.5;23.94
6;24.03
6.5;24.03
7;24.12
7.5;24.12
8;24.23
8.5;24.34
9;24.34
9.5;24.46
10;24.46
10.5;24.6
11;24.6
11.5;24.74
12;24.74
12.5;24.89
13;24.89
13.5;25.06
14;25.23
14.5;25.23
15;25.41
15.5;25.41
16;25.6
16.5;25.6
17;25.8
17.5;25.8
18;26
18.5;26.22
19;26.22
19.5;26.44
20;26.44
20.5;26.67
21;26.67
21.5;26.91
22;26.91
22.5;27.16
23;27.41
23.5;27.41
24;27.67
24.5;27.67
25;27.94
25.5;27.94
26;28.22
26.5;28.22
27;28.5
27.5;28.5
28;28.79
28.5;29.08
29;29.08
29.5;29.37
30;29.37
30.5;29.68
31;29.68
31.5;29.98
32;29.98
32.5;30.3
33;30.61
33.5;30.61
34;30.93
34.5;30.93
35;31.25
35.5;31.25
36;31.58
36.5;31.58
37;31.91
37.5;32.25
38;32.25
38.5;32.58
39;32.58
39.5;32.92
40;32.92
40.5;33.27
41;33.27
41.5;33.61
42;33.61
42.5;33.96
43;34.3
43.5;34.3
44;34.65
44.5;34.65
45;35.01
45.5;35.01
46;35.36
46.5;35.36
47;35.71
47.5;36.07
48;36.07
48.5;36.43
49;36.43
49.5;36.78
50;36.78
50.5;37.14
51;37.14
51.5;37.5
52;37.86
52.5;37.86
53;38.22
53.5;38.22
54;38.58
54.5;38.58
55;38.94
55.5;38.94
56;39.3
56.5;39.66
57;39.66
57.5;40.02
58;40.02
58.5;40.37
59;40.37
59.5;40.73
60;40.73
60.5;41.08
61;41.08
61.5;41.43
62;41.78
62.5;41.78
63;42.14
63.5;42.14
64;42.48
64.5;42.48
65;42.83
65.5;42.83
66;43.18
66.5;43.52
67;43.52
67.5;43.87
68;43.87
68.5;44.21
69;44.21
69.5;44.55
70;44.55
70.5;44.89
71;45.22
71.5;45.22
72;45.56
72.5;45.56
73;45.89
73.5;45.89
74;46.22
74.5;46.22
75;46.55
75.5;46.88
76;46.88
76.5;47.2
77;47.2
77.5;47.52
78;47.52
78.5;47.84
79;47.84
79.5;48.16
80;48.48
80.5;48.48
81;48.79
81.5;48.79
82;49.1
82.5;49.1
83;49.41
83.5;49.41
84;49.71
84.5;49.71
85;50.02
85.5;50.32
86;50.32
86.5;50.62
87;50.62
87.5;50.92
88;50.92
88.5;51.21
89;51.21
89.5;51.5
90;51.79
90.5;51.79
91;52.08
91.5;52.08
92;52.37
92.5;52.37
93;52.65
93.5;52.65
94;52.94
94.5;53.21
95;53.21
95.5;53.49
96;53.49
96.5;53.77
97;53.77
97.5;54.04
98;54.04
98.5;54.31
99;54.58
99.5;54.58
100;54.84
100.5;54.84
101;55.11
101.5;55.11
102;55.37
102.5;55.37
103;55.63
103.5;55.88
104;55.88
104.5;56.14
105;56.14
105.5;56.39
106;56.39
106.5;56.64
107;56.64
107.5;56.89
108;57.13
108.5;57.13
109;57.38
109.5;57.38
110;57.62
110.5;57.62
111;57.86
111.5;57.86
112;58.09
112.5;58.09
113;58.33
113.5;58.56
114;58.56
114.5;58.79
115;58.79
115.5;59.02
116;59.02
116.5;59.24
117;59.24
117.5;59.47
118;59.69
118.5;59.69
119;59.91
119.5;59.91
120;60.13
120.5;60.13
121;60.35
121.5;60.35
122;60.56
122.5;60.78
123;60.78
123.5;60.99
124;60.99
124.5;61.2
125;61.2
125.5;61.4
126;61.4
126.5;61.61
127;61.82
127.5;61.82
128;62.02
128.5;62.02
129;62.22
129.5;62.22
130;62.42
130.5;62.42
131;62.61
131.5;62.81
132;62.81
132.5;63
133;63
133.5;63.19
134;63.19
134.5;63.38
135;63.38
135.5;63.56
136;63.75
136.5;63.75
137;63.93
137.5;63.93
138;64.11
138.5;64.11
139;64.29
139.5;64.29
140;64.46
140.5;64.64
141;64.64
141.5;64.81
142;64.81
142.5;64.98
143;64.98
143.5;65.15
144;65.15
144.5;65.32
145;65.49
145.5;65.49
146;65.66
146.5;65.66
147;65.82
147.5;65.82
148;65.98
148.5;65.98
149;66.15
149.5;66.31
150;66.31
150.5;66.47
151;66.47
151.5;66.63
152;66.63
152.5;66.79
153;66.79
153.5;66.94
154;67.1
154.5;67.1
155;67.25
155.5;67.25
156;67.4
156.5;67.4
157;67.55
157.5;67.55
158;67.71
158.5;67.85
159;67.85
159.5;68
160;68
160.5;68.15
161;68.15
161.5;68.29
162;68.29
162.5;68.43
163;68.57
163.5;68.57
164;68.71
164.5;68.71
165;68.85
165.5;68.85
166;68.99
166.5;68.99
167;69.12
167.5;69.26
168;69.26
168.5;69.39
169;69.39
169.5;69.52
170;69.52
170.5;69.65
171;69.65
171.5;69.78
172;69.9
172.5;69.9
173;70.03
173.5;70.03
174;70.15
174.5;70.15
175;70.28
175.5;70.28
176;70.4
176.5;70.4
177;70.52
177.5;70.64
178;70.64
178.5;70.76
179;70.76
179.5;70.88
180;70.88
180.5;70.99
181;70.99
181.5;71.11
182;71.22
182.5;71.22
183;71.34
183.5;71.34
184;71.45
184.5;71.45
185;71.56
185.5;71.56
186;71.67
186.5;71.79
187;71.79
187.5;71.89
188;71.89
188.5;72
189;72
189.5;72.11
190;72.11
190.5;72.22
191;72.33
191.5;72.33
192;72.43
192.5;72.43
193;72.54
193.5;72.54
194;72.64
194.5;72.64
195;72.74
195.5;72.85
196;72.85
196.5;72.95
197;72.95
197.5;73.05
198;73.05
198.5;73.15
199;73.15
199.5;73.25
200;73.36
200.5;73.36
201;73.46
201.5;73.46
202;73.56
202.5;73.56
203;73.66
203.5;73.76
204;73.76
204.5;73.86
205;73.86
205.5;73.95
206;73.95
206.5;74.05
207;74.05
207.5;74.14
208;74.24
208.5;74.24
209;74.33
209.5;74.33
210;74.42
210.5;74.42
211;74.51
211.5;74.51
212;74.6
212.5;74.69
213;74.69
213.5;74.79
214;74.79
214.5;74.88
215;74.88
215.5;74.96
216;74.96
216.5;75.05
217;75.14
217.5;75.14
218;75.23
218.5;75.23
219;75.31
219.5;75.31
220;75.4
220.5;75.4
221;75.48
221.5;75.56
222;75.56
222.5;75.64
223;75.64
223.5;75.72
224;75.72
224.5;75.8
225;75.8
225.5;75.88
226;75.96
226.5;75.96
227;76.04
227.5;76.04
228;76.11
228.5;76.11
229;76.19
229.5;76.19
230;76.26
230.5;76.33
231;76.33
231.5;76.41
232;76.41
232.5;76.48
233;76.48
233.5;76.55
234;76.55
234.5;76.63
235;76.7
235.5;76.7
236;76.77
236.5;76.77
237;76.84
237.5;76.84
238;76.92
238.5;76.92
239;76.99
239.5;77.05
240;77.05
240.5;77.13
241;77.13
241.5;77.19
242;77.19
242.5;77.26
243;77.26
243.5;77.33
244;77.4
244.5;77.4
245;77.46
245.5;77.46
246;77.53
246.5;77.53
247;77.59
247.5;77.59
248;77.66
248.5;77.73
249;77.73
249.5;77.79
250;77.79
250.5;77.86
251;77.86
251.5;77.92
252;77.92
252.5;77.99
253;78.05
253.5;78.05
254;78.12
254.5;78.12
255;78.18
255.5;78.18
256;78.25
256.5;78.25
257;78.31
257.5;78.38
258;78.38
258.5;78.44
259;78.44
259.5;78.5
260;78.5
260.5;78.56
261;78.56
261.5;78.62
262;78.69
262.5;78.69
263;78.75
263.5;78.75
264;78.81
264.5;78.81
265;78.87
265.5;78.87
266;78.93
266.5;78.99
267;78.99
267.5;79.06
268;79.06
268.5;79.11
269;79.11
269.5;79.17
270;79.17
270.5;79.23
271;79.29
271.5;79.29
272;79.35
272.5;79.35
273;79.4
273.5;79.4
274;79.46
274.5;79.46
275;79.51
275.5;79.57
276;79.57
276.5;79.62
277;79.62
277.5;79.68
278;79.68
278.5;79.73
279;79.73
279.5;79.78
280;79.84
280.5;79.84
281;79.89
281.5;79.89
282;79.94
282.5;79.94
283;79.99
283.5;80.04
284;80.04
284.5;80.09
285;80.09
285.5;80.14
286;80.14
286.5;80.19
287;80.19
287.5;80.24
288;80.28
288.5;80.28
289;80.33
289.5;80.33
290;80.38
290.5;80.38
291;80.43
291.5;80.43
292;80.47
292.5;80.52
293;80.52
293.5;80.57
294;80.57
294.5;80.61
295;80.61
295.5;80.66
296;80.66
296.5;80.71
297;80.75
297.5;80.75
298;80.8
298.5;80.8
299;80.84
299.5;80.84
300;80.89
300.5;80.89
301;80.93
301.5;80.98
302;80.98
302.5;81.02
303;81.02
303.5;81.07
304;81.07
304.5;81.11
305;81.11
305.5;81.16
306;81.2
306.5;81.2
307;81.24
307.5;81.24
308;81.29
308.5;81.29
309;81.33
309.5;81.33
310;81.37
310.5;81.42
311;81.42
311.5;81.46
312;81.46
312.5;81.51
313;81.51
313.5;81.55
314;81.55
314.5;81.59
315;81.64
315.5;81.64
316;81.68
316.5;81.68
317;81.72
317.5;81.72
318;81.77
318.5;81.77
319;81.81
319.5;81.86
320;81.86
320.5;81.9
321;81.9
321.5;81.95
322;81.95
322.5;81.99
323;81.99
323.5;82.03
324;82.07
324.5;82.07
325;82.12
325.5;82.12
326;82.16
326.5;82.16
327;82.2
327.5;82.2
328;82.25
328.5;82.29
329;82.29
329.5;82.33
330;82.33
330.5;82.37
331;82.37
331.5;82.41
332;82.45
332.5;82.45
333;82.49
333.5;82.49
334;82.53
334.5;82.53
335;82.57
335.5;82.57
336;82.61
336.5;82.65
337;82.65
337.5;82.69
338;82.69
338.5;82.73
339;82.73
339.5;82.77
340;82.77
340.5;82.81
341;82.85
341.5;82.85
342;82.88
342.5;82.88
343;82.92
343.5;82.92
344;82.96
344.5;82.96
345;83
345.5;83.04
346;83.04
346.5;83.08
347;83.08
347.5;83.11
348;83.11
348.5;83.15
349;83.15
349.5;83.19
350;83.23
350.5;83.23
351;83.27
351.5;83.27
352;83.3
352.5;83.3
353;83.34
353.5;83.34
354;83.38
354.5;83.41
355;83.41
355.5;83.45
356;83.45
356.5;83.49
357;83.49
357.5;83.52
358;83.52
358.5;83.56
359;83.59
359.5;83.59
360;83.62
360.5;83.62
361;83.66
361.5;83.66
362;83.69
362.5;83.69
363;83.72
363.5;83.76
364;83.76
364.5;83.79
365;83.79
365.5;83.82
366;83.82
366.5;83.85
367;83.89
367.5;83.89
368;83.92
368.5;83.92
369;83.95
369.5;83.95
370;83.98
370.5;83.98
371;84.01
371.5;84.04
372;84.04
372.5;84.07
373;84.07
373.5;84.11
374;84.11
374.5;84.14
375;84.14
375.5;84.17
376;84.21
376.5;84.21
377;84.24
377.5;84.24
378;84.27
378.5;84.27
379;84.3
379.5;84.3
380;84.34
380.5;84.37
381;84.37
381.5;84.4
382;84.4
382.5;84.43
383;84.43
383.5;84.47
384;84.47
384.5;84.5
385;84.53
385.5;84.53
386;84.56
386.5;84.56
387;84.6
387.5;84.6
388;84.63
388.5;84.63
389;84.66
389.5;84.69
390;84.69
390.5;84.73
391;84.73
391.5;84.76
392;84.76
392.5;84.79
393;84.79
393.5;84.82
394;84.85
394.5;84.85
395;84.89
395.5;84.89
396;84.92
396.5;84.92
397;84.95
397.5;84.98
398;84.98
398.5;85.02
399;85.02
399.5;85.05
400;85.05
400.5;85.08
401;85.08
401.5;85.11
402;85.14
402.5;85.14
403;85.17
403.5;85.17
404;85.2
404.5;85.2
405;85.23
405.5;85.23
406;85.26
406.5;85.29
407;85.29
407.5;85.32
408;85.32
408.5;85.34
409;85.34
409.5;85.37
410;85.37
410.5;85.4
411;85.43
411.5;85.43
412;85.46
412.5;85.46
413;85.48
413.5;85.48
414;85.51
414.5;85.51
415;85.54
415.5;85.57
416;85.57
416.5;85.59
417;85.59
417.5;85.62
418;85.62
418.5;85.65
419;85.65
419.5;85.68
420;85.71
420.5;85.71
421;85.74
421.5;85.74
422;85.77
422.5;85.77
423;85.8
423.5;85.8
424;85.83
424.5;85.86
425;85.86
425.5;85.89
426;85.89
426.5;85.92
427;85.92
427.5;85.95
428;85.98
428.5;85.98
429;86.01
429.5;86.01
430;86.04
430.5;86.04
431;86.07
431.5;86.07
432;86.1
432.5;86.13
433;86.13
433.5;86.16
434;86.16
434.5;86.18
435;86.18
435.5;86.21
436;86.21
436.5;86.24
437;86.27
437.5;86.27
438;86.29
438.5;86.29
439;86.32
439.5;86.32
440;86.34
440.5;86.34
441;86.37
441.5;86.39
442;86.39
442.5;86.42
443;86.42
443.5;86.44
444;86.44
444.5;86.46
445;86.46
445.5;86.49
446;86.51
446.5;86.51
447;86.53
447.5;86.53
448;86.56
448.5;86.56
449;86.58
449.5;86.58
450;86.6
450.5;86.62
451;86.62
451.5;86.64
452;86.64
452.5;86.66
453;86.66
453.5;86.68
454;86.7
454.5;86.7
455;86.72
455.5;86.72
456;86.74
456.5;86.74
457;86.76
457.5;86.76
458;86.78
458.5;86.8
459;86.8
459.5;86.82
460;86.82
460.5;86.84
461;86.84
461.5;86.86
462;86.86
462.5;86.88
463;86.9
463.5;86.9
464;86.92
464.5;86.92
465;86.94
465.5;86.94
466;86.96
466.5;86.96
467;86.98
467.5;87
468;87
468.5;87.02
469;87.02
469.5;87.04
470;87.04
470.5;87.07
471;87.07
471.5;87.09
472;87.11
472.5;87.11
473;87.13
473.5;87.13
474;87.15
474.5;87.15
475;87.18
475.5;87.2
476;87.2
476.5;87.22
477;87.22
477.5;87.24
478;87.24
478.5;87.26
479;87.26
479.5;87.28
480;87.3
480.5;87.3
481;87.32
481.5;87.32
482;87.35
482.5;87.35
483;87.37
483.5;87.37
484;87.39
484.5;87.41
485;87.41
485.5;87.44
486;87.44
486.5;87.46
487;87.46
487.5;87.49
488;87.49
488.5;87.51
489;87.54
489.5;87.54
490;87.56
490.5;87.56
491;87.59
491.5;87.59
492;87.61
492.5;87.61
493;87.64
493.5;87.66
494;87.66
494.5;87.69
495;87.69
495.5;87.71
496;87.71
496.5;87.74
497;87.74
497.5;87.76
498;87.78
498.5;87.78
499;87.81
499.5;87.81
500;87.83
500.5;87.83
501;87.85
501.5;87.87
502;87.87
502.5;87.9
503;87.9
503.5;87.92
504;87.92
504.5;87.94
505;87.94
505.5;87.96
506;87.98
506.5;87.98
507;87.99
507.5;87.99
508;88.01
508.5;88.01
509;88.03
509.5;88.03
510;88.05
510.5;88.06
511;88.06
511.5;88.08
512;88.08
512.5;88.1
513;88.1
513.5;88.12
514;88.12
514.5;88.13
515;88.15
515.5;88.15
516;88.17
516.5;88.17
517;88.18
517.5;88.18
518;88.2
518.5;88.2
519;88.22
519.5;88.24
520;88.24
520.5;88.25
521;88.25
521.5;88.27
522;88.27
522.5;88.29
523;88.3
523.5;88.3
524;88.32
524.5;88.32
525;88.33
525.5;88.33
526;88.35
526.5;88.35
527;88.37
527.5;88.39
528;88.39
528.5;88.4
529;88.4
529.5;88.42
530;88.42
530.5;88.44
531;88.44
531.5;88.45
532;88.47
532.5;88.47
533;88.49
533.5;88.49
534;88.51
534.5;88.51
535;88.53
535.5;88.53
536;88.54
536.5;88.56
537;88.56
537.5;88.58
538;88.58
538.5;88.6
539;88.6
539.5;88.62
540;88.62
540.5;88.63
541;88.65
541.5;88.65
542;88.67
542.5;88.67
543;88.68
543.5;88.68
544;88.7
544.5;88.72
545;88.72
545.5;88.74
546;88.74
546.5;88.76
547;88.76
547.5;88.77
548;88.77
548.5;88.79
549;88.81
549.5;88.81
550;88.83
550.5;88.83
551;88.85
551.5;88.85
552;88.87
552.5;88.87
553;88.89
553.5;88.91
554;88.91
554.5;88.93
555;88.93
555.5;88.95
556;88.95
556.5;88.97
557;88.97
557.5;88.99
558;89.01
558.5;89.01
559;89.02
559.5;89.02
560;89.04
560.5;89.04
561;89.06
561.5;89.08
562;89.08
562.5;89.1
563;89.1
563.5;89.11
564;89.11
564.5;89.13
565;89.13
565.5;89.15
566;89.16
566.5;89.16
567;89.18
567.5;89.18
568;89.2
568.5;89.2
569;89.21
569.5;89.21
570;89.23
570.5;89.24
571;89.24
571.5;89.26
572;89.26
572.5;89.27
573;89.27
573.5;89.28
574;89.28
574.5;89.29
575;89.31
575.5;89.31
576;89.32
576.5;89.32
577;89.33
577.5;89.33
578;89.34
578.5;89.34
579;89.35
579.5;89.37
580;89.37
580.5;89.38
581;89.38
581.5;89.4
582;89.4
582.5;89.41
583;89.43
583.5;89.43
584;89.45
584.5;89.45
585;89.46
585.5;89.46
586;89.48
586.5;89.48
587;89.5
587.5;89.52
588;89.52
588.5;89.54
589;89.54
589.5;89.56
590;89.56
590.5;89.57
591;89.57
591.5;89.59
592;89.61
592.5;89.61
593;89.63
593.5;89.63
594;89.65
594.5;89.65
595;89.67
595.5;89.67
596;89.69
596.5;89.71
597;89.71
597.5;89.73
598;89.73
598.5;89.74
599;89.74
599.5;89.76
600;89.76
600.5;89.78
601;89.79
601.5;89.79
602;89.81
602.5;89.81
603;89.83
603.5;89.83
604;89.84
604.5;89.86
605;89.86
605.5;89.87
606;89.87
606.5;89.89
607;89.89
607.5;89.9
608;89.9
608.5;89.92
609;89.93
609.5;89.93
610;89.95
610.5;89.95
611;89.96
611.5;89.96
612;89.97
612.5;89.97
613;89.98
613.5;90
614;90
614.5;90.01
615;90.01
615.5;90.03
616;90.03
616.5;90.04
617;90.04
617.5;90.05
618;90.07
618.5;90.07
619;90.08
619.5;90.08
620;90.09
620.5;90.09
621;90.1
621.5;90.11
622;90.11
622.5;90.13
623;90.13
623.5;90.14
624;90.14
624.5;90.15
625;90.15
625.5;90.16
626;90.17
626.5;90.17
627;90.18
627.5;90.18
628;90.19
628.5;90.19
629;90.2
629.5;90.2
630;90.21
630.5;90.22
631;90.22
631.5;90.23
632;90.23
632.5;90.24
633;90.24
633.5;90.25
634;90.25
634.5;90.26
635;90.27
635.5;90.27
636;90.28
636.5;90.28
637;90.29
637.5;90.29
638;90.3
638.5;90.31
639;90.31
639.5;90.32
640;90.32
640.5;90.33
641;90.33
641.5;90.34
642;90.34
642.5;90.35
643;90.36
643.5;90.36
644;90.37
644.5;90.37
645;90.38
645.5;90.38
646;90.39
646.5;90.39
647;90.4
647.5;90.41
648;90.41
648.5;90.42
649;90.42
649.5;90.43
650;90.43
650.5;90.44
651;90.44
651.5;90.45
652;90.46
652.5;90.46
653;90.47
653.5;90.47
654;90.47
654.5;90.47
655;90.48
655.5;90.49
656;90.49
656.5;90.49
657;90.49
657.5;90.5
658;90.5
658.5;90.51
659;90.51
659.5;90.52
660;90.52
660.5;90.52
661;90.53
661.5;90.53
662;90.54
662.5;90.54
663;90.55
663.5;90.55
664;90.56
664.5;90.56
665;90.56
665.5;90.57
666;90.57
666.5;90.58
667;90.58
667.5;90.59
668;90.59
668.5;90.6
669;90.61
669.5;90.61
670;90.61
670.5;90.61
671;90.62
671.5;90.62
672;90.63
672.5;90.63
673;90.64
673.5;90.65
674;90.65
674.5;90.66
675;90.66
675.5;90.66
676;90.66
676.5;90.67
677;90.68
677.5;90.68
678;90.69
678.5;90.69
679;90.7
679.5;90.7
680;90.71
680.5;90.71
681;90.72
681.5;90.74
682;90.74
682.5;90.75
683;90.75
683.5;90.76
684;90.76
684.5;90.77
685;90.77
685.5;90.78
686;90.79
686.5;90.79
687;90.8
687.5;90.8
688;90.81
688.5;90.81
689;90.82
689.5;90.82
690;90.83
690.5;90.84
691;90.84
691.5;90.85
692;90.85
692.5;90.86
693;90.86
693.5;90.87
694;90.89
694.5;90.89
695;90.9
695.5;90.9
696;90.92
696.5;90.92
697;90.93
697.5;90.93
698;90.95
698.5;90.96
699;90.96
699.5;90.97
700;90.97
700.5;90.99
701;90.99
701.5;91
702;91
702.5;91.01
703;91.03
703.5;91.03
704;91.04
704.5;91.04
705;91.05
705.5;91.05
706;91.06
706.5;91.06
707;91.07
707.5;91.08
708;91.08
708.5;91.09
709;91.09
709.5;91.1
710;91.1
710.5;91.11
711;91.11
711.5;91.11
712;91.12
712.5;91.12
713;91.13
713.5;91.13
714;91.14
714.5;91.14
715;91.14
715.5;91.15
716;91.15
716.5;91.16
717;91.16
717.5;91.16
718;91.16
718.5;91.17
719;91.17
719.5;91.18
720;91.18
720.5;91.18
721;91.19
721.5;91.19
722;91.2
722.5;91.2
723;91.2
723.5;91.2
724;91.21
724.5;91.21
725;91.21
725.5;91.22
726;91.22
726.5;91.22
727;91.22
727.5;91.23
728;91.23
728.5;91.23
729;91.24
729.5;91.24
730;91.25
730.5;91.25
731;91.25
731.5;91.25
732;91.26
732.5;91.26
733;91.26
733.5;91.27
734;91.27
734.5;91.28
735;91.28
735.5;91.28
736;91.28
736.5;91.29
737;91.29
737.5;91.29
738;91.3
738.5;91.3
739;91.3
739.5;91.3
740;91.31
740.5;91.31
741;91.31
741.5;91.32
742;91.32
742.5;91.32
743;91.32
743.5;91.33
744;91.33
744.5;91.33
745;91.34
745.5;91.34
746;91.34
746.5;91.34
747;91.35
747.5;91.35
748;91.35
748.5;91.35
749;91.36
749.5;91.36
750;91.36
750.5;91.37
751;91.37
751.5;91.37
752;91.37
752.5;91.38
753;91.38
753.5;91.38
754;91.39
754.5;91.39
755;91.39
755.5;91.39
756;91.4
756.5;91.4
757;91.41
757.5;91.41
758;91.41
758.5;91.42
759;91.42
759.5;91.42
760;91.42
760.5;91.43
761;91.43
761.5;91.43
762;91.44
762.5;91.44
763;91.44
763.5;91.44
764;91.45
764.5;91.45
765;91.45
765.5;91.45
766;91.46
766.5;91.47
767;91.47
767.5;91.47
768;91.47
768.5;91.48
769;91.48
769.5;91.49
770;91.49
770.5;91.5
771;91.51
771.5;91.51
772;91.52
772.5;91.52
773;91.52
773.5;91.52
774;91.53
774.5;91.53
775;91.54
775.5;91.55
776;91.55
776.5;91.55
777;91.55
777.5;91.56
778;91.56
778.5;91.57
779;91.58
779.5;91.58
780;91.58
780.5;91.58
781;91.59
781.5;91.59
782;91.6
782.5;91.6
783;91.61
783.5;91.61
784;91.61
784.5;91.62
785;91.62
785.5;91.63
786;91.63
786.5;91.64
787;91.64
787.5;91.65
788;91.65
788.5;91.65
789;91.66
789.5;91.66
790;91.67
790.5;91.67
791;91.68
791.5;91.68
792;91.68
792.5;91.69
793;91.69
793.5;91.7
794;91.7
794.5;91.71
795;91.71
795.5;91.72
796;91.72
796.5;91.72
797;91.73
797.5;91.73
798;91.74
798.5;91.74
799;91.75
799.5;91.75
800;91.76
800.5;91.77
801;91.77
801.5;91.78
802;91.78
802.5;91.79
803;91.79
803.5;91.8
804;91.8
804.5;91.81
805;91.82
805.5;91.82
806;91.83
806.5;91.83
807;91.84
807.5;91.84
808;91.85
808.5;91.85
809;91.86
809.5;91.88
810;91.88
810.5;91.89
811;91.89
811.5;91.9
812;91.9
812.5;91.91
813;91.92
813.5;91.92
814;91.93
814.5;91.93
815;91.94
815.5;91.94
816;91.95
816.5;91.95
817;91.96
817.5;91.97
818;91.97
818.5;91.98
819;91.98
819.5;91.98
820;91.98
820.5;91.99
821;91.99
821.5;92
822;92.01
822.5;92.01
823;92.02
823.5;92.02
824;92.02
824.5;92.02
825;92.03
825.5;92.03
826;92.04
826.5;92.04
827;92.04
827.5;92.05
828;92.05
828.5;92.05
829;92.05
829.5;92.06
830;92.07
830.5;92.07
831;92.07
831.5;92.07
832;92.08
832.5;92.08
833;92.09
833.5;92.09
834;92.09
834.5;92.1
835;92.1
835.5;92.11
836;92.11
836.5;92.12
837;92.12
837.5;92.13
838;92.13
838.5;92.13
839;92.14
839.5;92.14
840;92.15
840.5;92.15
841;92.16
841.5;92.16
842;92.17
842.5;92.17
843;92.17
843.5;92.18
844;92.18
844.5;92.19
845;92.19
845.5;92.19
846;92.19
846.5;92.2
847;92.21
847.5;92.21
848;92.21
848.5;92.21
849;92.22
849.5;92.22
850;92.22
850.5;92.22
851;92.23
851.5;92.23
852;92.23
852.5;92.24
853;92.24
853.5;92.24
854;92.24
854.5;92.25
855;92.25
855.5;92.26
856;92.27
856.5;92.27
857;92.27
857.5;92.27
858;92.28
858.5;92.28
859;92.29
859.5;92.3
860;92.3
860.5;92.31
861;92.31
861.5;92.32
862;92.32
862.5;92.33
863;92.33
863.5;92.34
864;92.35
864.5;92.35
865;92.36
865.5;92.36
866;92.36
866.5;92.36
867;92.37
867.5;92.37
868;92.38
868.5;92.38
869;92.38
869.5;92.39
870;92.39
870.5;92.4
871;92.4
871.5;92.41
872;92.41
872.5;92.41
873;92.42
873.5;92.42
874;92.43
874.5;92.43
875;92.43
875.5;92.43
876;92.44
876.5;92.45
877;92.45
877.5;92.45
878;92.45
878.5;92.46
879;92.46
879.5;92.47
880;92.47
880.5;92.47
881;92.48
881.5;92.48
882;92.49
882.5;92.49
883;92.5
883.5;92.5
884;92.5
884.5;92.5
885;92.51
885.5;92.52
886;92.52
886.5;92.52
887;92.52
887.5;92.53
888;92.53
888.5;92.53
889;92.53
889.5;92.54
890;92.54
890.5;92.54
891;92.55
891.5;92.55
892;92.55
892.5;92.55
893;92.55
893.5;92.55
894;92.55
894.5;92.55
895;92.55
895.5;92.56
896;92.56
896.5;92.56
897;92.56
897.5;92.56
898;92.56
898.5;92.56
899;92.56
899.5;92.56
900;92.56
900.5;92.56
901;92.56
901.5;92.56
902;92.56
902.5;92.56
903;92.56
903.5;92.56
904;92.56
904.5;92.55
905;92.55
905.5;92.55
906;92.55
906.5;92.55
907;92.55
907.5;92.55
908;92.55
908.5;92.55
909;92.55
909.5;92.55
910;92.54
910.5;92.54
911;92.54
911.5;92.54
912;92.54
912.5;92.54
913;92.54
913.5;92.54
914;92.54
914.5;92.53
915;92.53
915.5;92.53
916;92.53
916.5;92.53
917;92.54
917.5;92.54
918;92.54
918.5;92.54
919;92.54
919.5;92.54
920;92.54
920.5;92.54
921;92.54
921.5;92.55
922;92.55
922.5;92.55
923;92.56
923.5;92.56
924;92.56
924.5;92.56
925;92.57
925.5;92.57
926;92.57
926.5;92.57
927;92.58
927.5;92.58
928;92.58
928.5;92.59
929;92.59
929.5;92.59
930;92.59
930.5;92.6
931;92.6
931.5;92.6
932;92.61
932.5;92.61
933;92.62
933.5;92.62
934;92.63
934.5;92.63
935;92.64
935.5;92.64
936;92.65
936.5;92.65
937;92.65
937.5;92.66
938;92.66
938.5;92.67
939;92.67
939.5;92.68
940;92.69
940.5;92.69
941;92.7
941.5;92.7
942;92.71
942.5;92.71
943;92.72
943.5;92.72
944;92.73
944.5;92.74
945;92.74
945.5;92.75
946;92.75
946.5;92.76
947;92.76
947.5;92.76
948;92.76
948.5;92.78
949;92.79
949.5;92.79
950;92.8
950.5;92.8
951;92.81
951.5;92.81
952;92.82
952.5;92.82
953;92.83
953.5;92.84
954;92.84
954.5;92.85
955;92.85
955.5;92.86
956;92.86
956.5;92.87
957;92.87
957.5;92.87
958;92.88
958.5;92.88
959;92.89
959.5;92.89
960;92.9
960.5;92.9
961;92.91
961.5;92.91
962;92.91
962.5;92.92
963;92.92
963.5;92.93
964;92.93
964.5;92.94
965;92.94
965.5;92.94
966;92.95
966.5;92.95
967;92.96
967.5;92.96
968;92.97
968.5;92.97
969;92.97
969.5;92.98
970;92.98
970.5;92.99
971;92.99
971.5;92.99
972;92.99
972.5;93
973;93
973.5;93
974;93.01
974.5;93.01
975;93.01
975.5;93.01
976;93.02
976.5;93.02
977;93.02
977.5;93.02
978;93.02
978.5;93.03
979;93.03
979.5;93.03
980;93.03
980.5;93.03
981;93.03
981.5;93.04
982;93.04
982.5;93.04
983;93.04
983.5;93.04
984;93.05
984.5;93.05
985;93.06
985.5;93.06
986;93.06
986.5;93.07
987;93.07
987.5;93.08
988;93.08
988.5;93.08
989;93.08
989.5;93.09
990;93.09
990.5;93.1
991;93.11
991.5;93.11
992;93.12
992.5;93.12
993;93.13
993.5;93.13
994;93.14
994.5;93.14
995;93.16
995.5;93.17
996;93.17
996.5;93.18
997;93.18
997.5;93.19
998;93.19
998.5;93.2
999;93.21
999.5;93.21
1000;93.22
1000.5;93.22
1001;93.23
1001.5;93.23
1002;93.23
1002.5;93.23
1003;93.24
1003.5;93.25
1004;93.25
1004.5;93.25
1005;93.25
1005.5;93.26
1006;93.26
1006.5;93.26
1007;93.26
1007.5;93.27
1008;93.27
1008.5;93.27
1009;93.27
1009.5;93.27
1010;93.28
1010.5;93.28
1011;93.28
1011.5;93.28
1012;93.28
1012.5;93.28
1013;93.28
1013.5;93.28
1014;93.28
1014.5;93.29
1015;93.29
1015.5;93.29
1016;93.29
1016.5;93.29
1017;93.29
1017.5;93.29
1018;93.29
1018.5;93.29
1019;93.29
1019.5;93.29
1020;93.29
1020.5;93.3
1021;93.3
1021.5;93.3
1022;93.3
1022.5;93.3
1023;93.3
1023.5;93.3
1024;93.3
1024.5;93.3
1025;93.3
1025.5;93.3
1026;93.3
1026.5;93.3
1027;93.3
1027.5;93.3
1028;93.3
1028.5;93.3
1029;93.3
1029.5;93.3
1030;93.3
1030.5;93.31
1031;93.31
1031.5;93.31
1032;93.31
1032.5;93.32
1033;93.33
1033.5;93.33
1034;93.33
1034.5;93.33
1035;93.34
1035.5;93.34
1036;93.35
1036.5;93.35
1037;93.35
1037.5;93.36
1038;93.36
1038.5;93.36
1039;93.36
1039.5;93.37
1040;93.37
1040.5;93.38
1041;93.38
1041.5;93.38
1042;93.39
1042.5;93.39
1043;93.39
1043.5;93.39
1044;93.4
1044.5;93.4
1045;93.4
1045.5;93.41
1046;93.41
1046.5;93.41
1047;93.41
1047.5;93.42
1048;93.42
1048.5;93.42
1049;93.42
1049.5;93.42
1050;93.42
1050.5;93.42
1051;93.43
1051.5;93.43
1052;93.43
1052.5;93.43
1053;93.43
1053.5;93.43
1054;93.43
1054.5;93.43
1055;93.43
1055.5;93.43
1056;93.43
1056.5;93.43
1057;93.43
1057.5;93.43
1058;93.43
1058.5;93.43
1059;93.43
1059.5;93.43
1060;93.43
1060.5;93.43
1061;93.43
1061.5;93.43
1062;93.43
1062.5;93.43
1063;93.43
1063.5;93.43
1064;93.43
1064.5;93.43
1065;93.43
1065.5;93.43
1066;93.43
1066.5;93.43
1067;93.43
1067.5;93.43
1068;93.44
1068.5;93.44
1069;93.44
1069.5;93.44
1070;93.44
1070.5;93.44
1071;93.44
1071.5;93.45
1072;93.45
1072.5;93.45
1073;93.45
1073.5;93.46
1074;93.46
1074.5;93.46
1075;93.47
1075.5;93.47
1076;93.48
1076.5;93.48
1077;93.48
1077.5;93.48
1078;93.49
1078.5;93.49
1079;93.5
1079.5;93.5
1080;93.5
1080.5;93.51
1081;93.51
1081.5;93.52
1082;93.52
1082.5;93.52
1083;93.52
1083.5;93.53
1084;93.53
1084.5;93.53
1085;93.54
1085.5;93.54
1086;93.54
1086.5;93.54
1087;93.55
1087.5;93.55
1088;93.55
1088.5;93.56
1089;93.56
1089.5;93.56
1090;93.56
1090.5;93.56
1091;93.56
1091.5;93.57
1092;93.57
1092.5;93.57
1093;93.58
1093.5;93.58
1094;93.58
1094.5;93.58
1095;93.59
1095.5;93.59
1096;93.59
1096.5;93.6
1097;93.6
1097.5;93.6
1098;93.6
1098.5;93.61
1099;93.61
1099.5;93.61
1100;93.61
1100.5;93.62
1101;93.62
1101.5;93.62
1102;93.63
1102.5;93.63
1103;93.63
1103.5;93.63
1104;93.64
1104.5;93.64
1105;93.64
1105.5;93.65
1106;93.65
1106.5;93.65
1107;93.65
1107.5;93.66
1108;93.66
1108.5;93.67
1109;93.68
1109.5;93.68
1110;93.68
1110.5;93.68
1111;93.69
1111.5;93.69
1112;93.7
1112.5;93.7
1113;93.7
1113.5;93.71
1114;93.71
1114.5;93.72
1115;93.72
1115.5;93.73
1116;93.73
1116.5;93.73
1117;93.74
1117.5;93.74
1118;93.74
1118.5;93.74
1119;93.75
1119.5;93.75
1120;93.75
1120.5;93.75
1121;93.75
1121.5;93.76
1122;93.76
1122.5;93.76
1123;93.76
1123.5;93.76
1124;93.76
1124.5;93.77
1125;93.77
1125.5;93.77
1126;93.77
1126.5;93.77
1127;93.77
1127.5;93.77
1128;93.78
1128.5;93.78
1129;93.78
1129.5;93.78
1130;93.78
1130.5;93.78
1131;93.78
1131.5;93.78
1132;93.78
1132.5;93.78
1133;93.78
1133.5;93.78
1134;93.78
1134.5;93.78
1135;93.78
1135.5;93.78
1136;93.78
1136.5;93.78
1137;93.78
1137.5;93.78
1138;93.78
1138.5;93.78
1139;93.78
1139.5;93.78
1140;93.78
1140.5;93.78
1141;93.78
1141.5;93.78
1142;93.78
1142.5;93.78
1143;93.78
1143.5;93.78
1144;93.78
1144.5;93.78
1145;93.78
1145.5;93.78
1146;93.78
1146.5;93.79
1147;93.79
1147.5;93.79
1148;93.79
1148.5;93.79
1149;93.79
1149.5;93.79
1150;93.79
1150.5;93.8
1151;93.8
1151.5;93.8
1152;93.81
1152.5;93.81
1153;93.81
1153.5;93.81
1154;93.81
1154.5;93.81
1155;93.82
1155.5;93.82
1156;93.82
1156.5;93.82
1157;93.82
1157.5;93.83
1158;93.83
1158.5;93.83
1159;93.83
1159.5;93.83
1160;93.84
1160.5;93.84
1161;93.84
1161.5;93.84
1162;93.84
1162.5;93.84
1163;93.85
1163.5;93.85
1164;93.85
1164.5;93.85
1165;93.85
1165.5;93.85
1166;93.85
1166.5;93.85
1167;93.85
1167.5;93.85
1168;93.86
1168.5;93.86
1169;93.86
1169.5;93.86
1170;93.86
1170.5;93.86
1171;93.86
1171.5;93.86
1172;93.86
1172.5;93.86
1173;93.86
1173.5;93.86
1174;93.86
1174.5;93.86
1175;93.86
1175.5;93.86
1176;93.85
1176.5;93.85
1177;93.85
1177.5;93.85
1178;93.84
1178.5;93.84
1179;93.83
1179.5;93.83
1180;93.82
1180.5;93.81
1181;93.81
1181.5;93.79
1182;93.79
1182.5;93.77
1183;93.77
1183.5;93.75
1184;93.75
1184.5;93.73
1185;93.71
1185.5;93.71
1186;93.69
1186.5;93.69
1187;93.68
1187.5;93.68
1188;93.66
1188.5;93.64
1189;93.64
1189.5;93.63
1190;93.63
1190.5;93.61
1191;93.61
1191.5;93.59
1192;93.59
1192.5;93.58
1193;93.57
1193.5;93.57
1194;93.56
1194.5;93.56
1195;93.55
1195.5;93.55
1196;93.54
1196.5;93.54
1197;93.53
1197.5;93.53
1198;93.53
1198.5;93.52
1199;93.52
1199.5;93.52
1200;93.52
1200.5;93.52
1201;93.52
1201.5;93.52
1202;93.52
1202.5;93.52
1203;93.52
1203.5;93.52
1204;93.52
1204.5;93.52
1205;93.52
1205.5;93.52
1206;93.52
1206.5;93.52
1207;93.52
1207.5;93.52
1208;93.52
1208.5;93.52
1209;93.52
1209.5;93.52
1210;93.52
1210.5;93.52
1211;93.52
1211.5;93.52
1212;93.52
1212.5;93.52
1213;93.53
1213.5;93.53
1214;93.53
1214.5;93.53
1215;93.53
1215.5;93.54
1216;93.54
1216.5;93.54
1217;93.54
1217.5;93.55
1218;93.55
1218.5;93.55
1219;93.55
1219.5;93.55
1220;93.56
1220.5;93.56
1221;93.56
1221.5;93.56
1222;93.56
1222.5;93.56
1223;93.56
1223.5;93.57
1224;93.57
1224.5;93.57
1225;93.57
1225.5;93.57
1226;93.57
1226.5;93.58
1227;93.58
1227.5;93.58
1228;93.58
1228.5;93.58
1229;93.59
1229.5;93.59
1230;93.59
1230.5;93.59
1231;93.6
1231.5;93.6
1232;93.6
1232.5;93.6
1233;93.6
1233.5;93.6
1234;93.6
1234.5;93.61
1235;93.61
1235.5;93.61
1236;93.61
1236.5;93.61
1237;93.61
1237.5;93.61
1238;93.62
1238.5;93.62
1239;93.62
1239.5;93.63
1240;93.63
1240.5;93.63
1241;93.63
1241.5;93.64
1242;93.64
1242.5;93.64
1243;93.64
1243.5;93.65
1244;93.65
1244.5;93.65
1245;93.66
1245.5;93.66
1246;93.67
1246.5;93.67
1247;93.67
1247.5;93.67
1248;93.68
1248.5;93.68
1249;93.68
1249.5;93.69
1250;93.69
1250.5;93.69
1251;93.69
1251.5;93.7
1252;93.7
1252.5;93.7
1253;93.71
1253.5;93.71
1254;93.72
1254.5;93.72
1255;93.72
1255.5;93.72
1256;93.73
1256.5;93.73
1257;93.73
1257.5;93.74
1258;93.74
1258.5;93.74
1259;93.74
1259.5;93.75
1260;93.75
1260.5;93.75
1261;93.76
1261.5;93.76
1262;93.76
1262.5;93.76
1263;93.76
1263.5;93.76
1264;93.76
1264.5;93.77
1265;93.77
1265.5;93.77
1266;93.77
1266.5;93.77
1267;93.77
1267.5;93.77
1268;93.77
1268.5;93.78
1269;93.78
1269.5;93.78
1270;93.78
1270.5;93.78
1271;93.78
1271.5;93.78
1272;93.79
1272.5;93.79
1273;93.79
1273.5;93.79
1274;93.79
1274.5;93.79
1275;93.79
1275.5;93.8
1276;93.8
1276.5;93.8
1277;93.8
1277.5;93.8
1278;93.81
1278.5;93.81
1279;93.81
1279.5;93.81
1280;93.82
1280.5;93.82
1281;93.82
1281.5;93.82
1282;93.82
1282.5;93.83
1283;93.83
1283.5;93.83
1284;93.83
1284.5;93.84
1285;93.84
1285.5;93.84
1286;93.84
1286.5;93.84
1287;93.85
1287.5;93.85
1288;93.85
1288.5;93.85
1289;93.86
1289.5;93.86
1290;93.86
1290.5;93.87
1291;93.87
1291.5;93.87
1292;93.87
1292.5;93.88
1293;93.88
1293.5;93.88
1294;93.89
1294.5;93.89
1295;93.89
1295.5;93.89
1296;93.9
1296.5;93.9
1297;93.9
1297.5;93.9
1298;93.91
1298.5;93.91
1299;93.91
1299.5;93.92
1300;93.92
1300.5;93.93
1301;93.93
1301.5;93.93
1302;93.93
1302.5;93.94
1303;93.94
1303.5;93.94
1304;93.95
1304.5;93.95
1305;93.95
1305.5;93.95
1306;93.95
1306.5;93.96
1307;93.96
1307.5;93.97
1308;93.97
1308.5;93.97
1309;93.97
1309.5;93.98
1310;93.98
1310.5;93.98
1311;93.99
1311.5;93.99
1312;93.99
1312.5;93.99
1313;93.99
1313.5;93.99
1314;94
1314.5;94
1315;94
1315.5;94
1316;94
1316.5;94
1317;94
1317.5;94
1318;94
1318.5;94.01
1319;94.01
1319.5;94.01
1320;94.02
1320.5;94.02
1321;94.02
1321.5;94.02
1322;94.02
1322.5;94.02
1323;94.03
1323.5;94.04
1324;94.04
1324.5;94.04
1325;94.04
1325.5;94.05
1326;94.05
1326.5;94.06
1327;94.06
1327.5;94.06
1328;94.07
1328.5;94.07
1329;94.08
1329.5;94.08
1330;94.09
1330.5;94.09
1331;94.1
1331.5;94.1
1332;94.1
1332.5;94.11
1333;94.11
1333.5;94.11
1334;94.11
1334.5;94.12
1335;94.12
1335.5;94.13
1336;94.13
1336.5;94.13
1337;94.13
1337.5;94.13
1338;94.14
1338.5;94.14
1339;94.14
1339.5;94.14
1340;94.14
1340.5;94.14
1341;94.14
1341.5;94.15
1342;94.15
1342.5;94.15
1343;94.15
1343.5;94.15
1344;94.15
1344.5;94.15
1345;94.15
1345.5;94.15
1346;94.16
1346.5;94.16
1347;94.16
1347.5;94.16
1348;94.16
1348.5;94.17
1349;94.17
1349.5;94.17
1350;94.17
1350.5;94.17
1351;94.17
1351.5;94.18
1352;94.18
1352.5;94.18
1353;94.19
1353.5;94.19
1354;94.19
1354.5;94.19
1355;94.19
1355.5;94.19
1356;94.2
1356.5;94.2
1357;94.2
1357.5;94.2
1358;94.2
1358.5;94.2
1359;94.2
1359.5;94.21
1360;94.21
1360.5;94.21
1361;94.21
1361.5;94.22
1362;94.22
1362.5;94.22
1363;94.22
1363.5;94.22
1364;94.23
1364.5;94.23
1365;94.23
1365.5;94.24
1366;94.24
1366.5;94.24
1367;94.24
1367.5;94.24
1368;94.24
1368.5;94.24
1369;94.24
1369.5;94.25
1370;94.25
1370.5;94.25
1371;94.25
1371.5;94.25
1372;94.25
1372.5;94.25
1373;94.25
1373.5;94.25
1374;94.25
1374.5;94.25
1375;94.25
1375.5;94.25
1376;94.25
1376.5;94.25
1377;94.25
1377.5;94.25
1378;94.24
1378.5;94.24
1379;94.24
1379.5;94.24
1380;94.24
1380.5;94.24
1381;94.24
1381.5;94.24
1382;94.24
1382.5;94.24
1383;94.24
1383.5;94.24
1384;94.24
1384.5;94.23
1385;94.23
1385.5;94.23
1386;94.23
1386.5;94.23
1387;94.23
1387.5;94.23
1388;94.24
1388.5;94.24
1389;94.24
1389.5;94.24
1390;94.24
1390.5;94.24
1391;94.24
1391.5;94.24
1392;94.24
1392.5;94.24
1393;94.24
1393.5;94.25
1394;94.25
1394.5;94.25
1395;94.25
1395.5;94.25
1396;94.25
1396.5;94.25
1397;94.26
1397.5;94.26
1398;94.26
1398.5;94.26
1399;94.26
1399.5;94.27
1400;94.27
1400.5;94.27
1401;94.27
1401.5;94.28
1402;94.28
1402.5;94.28
1403;94.28
1403.5;94.29
1404;94.29
1404.5;94.29
1405;94.3
1405.5;94.3
1406;94.3
1406.5;94.3
1407;94.31
1407.5;94.31
1408;94.31
1408.5;94.32
1409;94.32
1409.5;94.32
1410;94.32
1410.5;94.33
1411;94.33
1411.5;94.34
1412;94.34
1412.5;94.34
1413;94.35
1413.5;94.35
1414;94.35
1414.5;94.35
1415;94.36
1415.5;94.36
1416;94.36
1416.5;94.37
1417;94.37
1417.5;94.37
1418;94.37
1418.5;94.38
1419;94.38
1419.5;94.38
1420;94.38
1420.5;94.38
1421;94.39
1421.5;94.39
1422;94.39
1422.5;94.39
1423;94.4
1423.5;94.4
1424;94.4
1424.5;94.4
1425;94.4
1425.5;94.41
1426;94.41
1426.5;94.41
1427;94.41
1427.5;94.41
1428;94.41
1428.5;94.41
1429;94.42
1429.5;94.42
1430;94.42
1430.5;94.42
1431;94.42
1431.5;94.42
1432;94.42
1432.5;94.42
1433;94.42
1433.5;94.43
1434;94.43
1434.5;94.43
1435;94.43
1435.5;94.43
1436;94.43
1436.5;94.43
1437;94.43
1437.5;94.43
1438;94.43
1438.5;94.43
1439;94.42
1439.5;94.42
1440;94.42
1440.5;94.42
1441;94.42
1441.5;94.42
1442;94.42
1442.5;94.42
1443;94.42
1443.5;94.42
1444;94.42
1444.5;94.42
1445;94.42
1445.5;94.42
1446;94.42
1446.5;94.42
1447;94.42
1447.5;94.42
1448;94.42
1448.5;94.42
1449;94.42
1449.5;94.42
1450;94.42
1450.5;94.42
1451;94.42
1451.5;94.42
1452;94.42
1452.5;94.42
1453;94.42
1453.5;94.42
1454;94.42
1454.5;94.42
1455;94.42
1455.5;94.42
1456;94.42
1456.5;94.42
1457;94.42
1457.5;94.42
1458;94.42
1458.5;94.42
1459;94.42
1459.5;94.42
1460;94.42
1460.5;94.43
1461;94.43
1461.5;94.43
1462;94.43
1462.5;94.43
1463;94.43
1463.5;94.43
1464;94.44
1464.5;94.44
1465;94.44
1465.5;94.44
1466;94.44
1466.5;94.45
1467;94.45
1467.5;94.45
1468;94.45
1468.5;94.46
1469;94.46
1469.5;94.46
1470;94.46
1470.5;94.47
1471;94.48
1471.5;94.48
1472;94.48
1472.5;94.48
1473;94.49
1473.5;94.49
1474;94.5
1474.5;94.51
1475;94.51
1475.5;94.51
1476;94.51
1476.5;94.52
1477;94.52
1477.5;94.52
1478;94.52
1478.5;94.52
1479;94.53
1479.5;94.53
1480;94.53
1480.5;94.53
1481;94.53
1481.5;94.53
1482;94.53
1482.5;94.53
1483;94.53
1483.5;94.53
1484;94.53
1484.5;94.54
1485;94.54
1485.5;94.54
1486;94.54
1486.5;94.54
1487;94.54
1487.5;94.54
1488;94.54
1488.5;94.54
1489;94.54
1489.5;94.54
1490;94.54
1490.5;94.54
1491;94.54
1491.5;94.54
1492;94.54
1492.5;94.54
1493;94.54
1493.5;94.54
1494;94.54
1494.5;94.54
1495;94.54
1495.5;94.54
1496;94.54
1496.5;94.54
1497;94.55
1497.5;94.55
1498;94.55
1498.5;94.55
1499;94.55
1499.5;94.55
1500;94.55
1500.5;94.55
1501;94.55
1501.5;94.55
1502;94.55
1502.5;94.56
1503;94.56
1503.5;94.56
1504;94.56
1504.5;94.56
1505;94.56
1505.5;94.56
1506;94.57
1506.5;94.57
1507;94.57
1507.5;94.57
1508;94.57
1508.5;94.58
1509;94.58
1509.5;94.58
1510;94.58
1510.5;94.59
1511;94.59
1511.5;94.59
1512;94.59
1512.5;94.59
1513;94.6
1513.5;94.6
1514;94.6
1514.5;94.6
1515;94.61
1515.5;94.61
1516;94.61
1516.5;94.62
1517;94.62
1517.5;94.62
1518;94.62
1518.5;94.62
1519;94.62
1519.5;94.63
1520;94.63
1520.5;94.63
1521;94.64
1521.5;94.64
1522;94.65
1522.5;94.65
1523;94.65
1523.5;94.65
1524;94.66
1524.5;94.66
1525;94.66
1525.5;94.67
1526;94.67
1526.5;94.68
1527;94.68
1527.5;94.69
1528;94.69
1528.5;94.69
1529;94.7
1529.5;94.7
1530;94.71
1530.5;94.71
1531;94.72
1531.5;94.72
1532;94.72
1532.5;94.72
1533;94.73
1533.5;94.74
1534;94.74
1534.5;94.74
1535;94.74
1535.5;94.75
1536;94.75
1536.5;94.76
1537;94.76
1537.5;94.76
1538;94.77
1538.5;94.77
1539;94.77
1539.5;94.77
1540;94.78
1540.5;94.78
1541;94.78
1541.5;94.78
1542;94.78
1542.5;94.79
1543;94.79
1543.5;94.79
1544;94.79
1544.5;94.8
1545;94.8
1545.5;94.8
1546;94.81
1546.5;94.81
1547;94.81
1547.5;94.81
1548;94.81
1548.5;94.81
1549;94.81
1549.5;94.81
1550;94.82
1550.5;94.82
1551;94.82
1551.5;94.83
1552;94.83
1552.5;94.83
1553;94.83
1553.5;94.84
1554;94.84
1554.5;94.85
1555;94.85
1555.5;94.85
1556;94.86
1556.5;94.86
1557;94.87
1557.5;94.87
1558;94.88
1558.5;94.89
1559;94.89
1559.5;94.9
1560;94.9
1560.5;94.91
1561;94.91
1561.5;94.91
1562;94.91
1562.5;94.92
1563;94.92
1563.5;94.92
1564;94.93
1564.5;94.93
1565;94.93
1565.5;94.93
1566;94.93
1566.5;94.93
1567;94.94
1567.5;94.94
1568;94.94
1568.5;94.94
1569;94.94
1569.5;94.94
1570;94.94
1570.5;94.95
1571;94.95
1571.5;94.95
1572;94.95
1572.5;94.95
1573;94.95
1573.5;94.95
1574;94.95
1574.5;94.95
1575;94.96
1575.5;94.96
1576;94.96
1576.5;94.96
1577;94.96
1577.5;94.96
1578;94.96
1578.5;94.96
1579;94.96
1579.5;94.96
1580;94.97
1580.5;94.97
1581;94.97
1581.5;94.97
1582;94.97
1582.5;94.97
1583;94.97
1583.5;94.97
1584;94.97
1584.5;94.97
1585;94.97
1585.5;94.97
1586;94.97
1586.5;94.98
1587;94.98
1587.5;94.98
1588;94.98
1588.5;94.98
1589;94.98
1589.5;94.98
1590;94.98
1590.5;94.98
1591;94.98
1591.5;94.98
1592;94.98
1592.5;94.98
1593;94.98
1593.5;94.98
1594;94.98
1594.5;94.98
1595;94.98
1595.5;94.98
1596;94.98
1596.5;94.98
1597;94.98
1597.5;94.98
1598;94.98
1598.5;94.98
1599;94.98
1599.5;94.98
1600;94.98
1600.5;94.98
1601;94.98
1601.5;94.98
1602;94.98
1602.5;94.98
1603;94.98
1603.5;94.98
1604;94.98
1604.5;94.98
1605;94.99
1605.5;94.99
1606;94.99
1606.5;94.99
1607;94.99
1607.5;94.99
1608;94.99
1608.5;94.99
1609;94.99
1609.5;94.99
1610;94.99
1610.5;95
1611;95
1611.5;95
1612;95
1612.5;95
1613;95
1613.5;95
1614;95.01
1614.5;95.01
1615;95.01
1615.5;95.01
1616;95.01
1616.5;95.01
1617;95.02
1617.5;95.02
1618;95.02
1618.5;95.02
1619;95.02
1619.5;95.03
1620;95.03
1620.5;95.03
1621;95.03
1621.5;95.03
1622;95.03
1622.5;95.03
1623;95.04
1623.5;95.04
1624;95.04
1624.5;95.04
1625;95.04
1625.5;95.04
1626;95.04
1626.5;95.05
1627;95.05
1627.5;95.05
1628;95.05
1628.5;95.05
1629;95.05
1629.5;95.05
1630;95.06
1630.5;95.06
1631;95.06
1631.5;95.06
1632;95.06
1632.5;95.06
1633;95.07
1633.5;95.07
1634;95.07
1634.5;95.08
1635;95.08
1635.5;95.08
1636;95.08
1636.5;95.09
1637;95.09
1637.5;95.09
1638;95.09
1638.5;95.09
1639;95.1
1639.5;95.1
1640;95.1
1640.5;95.1
1641;95.11
1641.5;95.11
1642;95.11
1642.5;95.11
1643;95.11
1643.5;95.12
1644;95.12
1644.5;95.12
1645;95.12
1645.5;95.12
1646;95.12
1646.5;95.13
1647;95.13
1647.5;95.13
1648;95.13
1648.5;95.13
1649;95.14
1649.5;95.14
1650;95.14
1650.5;95.14
1651;95.15
1651.5;95.15
1652;95.15
1652.5;95.16
1653;95.16
1653.5;95.16
1654;95.16
1654.5;95.17
1655;95.18
1655.5;95.18
1656;95.19
1656.5;95.19
1657;95.19
1657.5;95.19
1658;95.2
1658.5;95.2
1659;95.2
1659.5;95.21
1660;95.21
1660.5;95.22
1661;95.22
1661.5;95.22
1662;95.22
1662.5;95.23
1663;95.23
1663.5;95.23
1664;95.24
1664.5;95.24
1665;95.24
1665.5;95.24
1666;95.25
1666.5;95.25
1667;95.26
1667.5;95.26
1668;95.26
1668.5;95.27
1669;95.27
1669.5;95.27
1670;95.27
1670.5;95.28
1671;95.28
1671.5;95.28
1672;95.29
1672.5;95.29
1673;95.29
1673.5;95.29
1674;95.3
1674.5;95.3
1675;95.3
1675.5;95.3
1676;95.31
1676.5;95.31
1677;95.31
1677.5;95.31
1678;95.31
1678.5;95.32
1679;95.32
1679.5;95.32
1680;95.32
1680.5;95.32
1681;95.32
1681.5;95.32
1682;95.33
1682.5;95.33
1683;95.33
1683.5;95.33
1684;95.33
1684.5;95.33
1685;95.33
1685.5;95.34
1686;95.34
1686.5;95.34
1687;95.34
1687.5;95.34
1688;95.34
1688.5;95.34
1689;95.35
1689.5;95.35
1690;95.35
1690.5;95.35
1691;95.35
1691.5;95.35
1692;95.35
1692.5;95.35
1693;95.35
1693.5;95.35
1694;95.35
1694.5;95.35
1695;95.35
1695.5;95.35
1696;95.35
1696.5;95.36
1697;95.36
1697.5;95.36
1698;95.36
1698.5;95.36
1699;95.36
1699.5;95.36
1700;95.36
1700.5;95.36
1701;95.37
1701.5;95.37
1702;95.37
1702.5;95.37
1703;95.37
1703.5;95.38
1704;95.38
1704.5;95.38
1705;95.38
1705.5;95.38
1706;95.39
1706.5;95.39
1707;95.39
1707.5;95.39
1708;95.39
1708.5;95.39
1709;95.39
1709.5;95.4
1710;95.4
1710.5;95.4
1711;95.4
1711.5;95.41
1712;95.41
1712.5;95.41
1713;95.41
1713.5;95.41
1714;95.41
1714.5;95.41
1715;95.42
1715.5;95.42
1716;95.42
1716.5;95.42
1717;95.41
1717.5;95.41
1718;95.41
1718.5;95.41
1719;95.41
1719.5;95.41
1720;95.41
1720.5;95.41
1721;95.41
1721.5;95.41
1722;95.41
1722.5;95.41
1723;95.41
1723.5;95.41
1724;95.41
1724.5;95.41
1725;95.41
1725.5;95.41
1726;95.41
1726.5;95.41
1727;95.41
1727.5;95.41
1728;95.41
1728.5;95.41
1729;95.41
1729.5;95.41
1730;95.41
1730.5;95.41
1731;95.41
1731.5;95.41
1732;95.41
1732.5;95.41
1733;95.41
1733.5;95.41
1734;95.41
1734.5;95.42
1735;95.42
1735.5;95.42
1736;95.42
1736.5;95.42
1737;95.42
1737.5;95.42
1738;95.42
1738.5;95.42
1739;95.43
1739.5;95.43
1740;95.43
1740.5;95.43
1741;95.43
1741.5;95.43
1742;95.43
1742.5;95.43
1743;95.43
1743.5;95.43
1744;95.43
1744.5;95.43
1745;95.43
1745.5;95.42
1746;95.42
1746.5;95.42
1747;95.43
1747.5;95.43
1748;95.43
1748.5;95.43
1749;95.43
1749.5;95.43
1750;95.43
1750.5;95.43
1751;95.43
1751.5;95.43
1752;95.43
1752.5;95.43
1753;95.43
1753.5;95.44
1754;95.44
1754.5;95.44
1755;95.44
1755.5;95.44
1756;95.44
1756.5;95.44
1757;95.44
1757.5;95.44
1758;95.45
1758.5;95.45
1759;95.45
1759.5;95.45
1760;95.45
1760.5;95.45
1761;95.45
1761.5;95.46
1762;95.46
1762.5;95.46
1763;95.46
1763.5;95.46
1764;95.47
1764.5;95.47
1765;95.47
1765.5;95.47
1766;95.47
1766.5;95.47
1767;95.48
1767.5;95.48
1768;95.48
1768.5;95.48
1769;95.48
1769.5;95.49
1770;95.49
1770.5;95.49
1771;95.49
1771.5;95.49
1772;95.49
1772.5;95.49
1773;95.5
1773.5;95.5
1774;95.5
1774.5;95.5
1775;95.5
1775.5;95.5
1776;95.5
1776.5;95.51
1777;95.51
1777.5;95.51
1778;95.51
1778.5;95.52
1779;95.52
1779.5;95.52
1780;95.52
1780.5;95.52
1781;95.53
1781.5;95.53
1782;95.53
1782.5;95.53
1783;95.53
1783.5;95.53
1784;95.54
1784.5;95.54
1785;95.54
1785.5;95.54
1786;95.54
1786.5;95.54
1787;95.54
1787.5;95.54
1788;95.54
1788.5;95.54
1789;95.54
1789.5;95.54
1790;95.53
1790.5;95.53
1791;95.51
1791.5;95.51
1792;95.49
1792.5;95.49
1793;95.47
1793.5;95.44
1794;95.44
1794.5;95.42
1795;95.42
1795.5;95.39
1796;95.39
1796.5;95.37
1797;95.34
1797.5;95.34
1798;95.32
1798.5;95.32
1799;95.3
1799.5;95.3
