0;25.01
0.5;25.02
1;25.02
1.5;25.03
2;25.03
2.5;25.05
3;25.08
3.5;25.08
4;25.12
4.5;25.12
5;25.16
5.5;25.16
6;25.21
6.5;25.21
7;25.27
7.5;25.34
8;25.34
8.5;25.41
9;25.41
9.5;25.5
10;25.5
10.5;25.59
11;25.59
11.5;25.69
12;25.69
12.5;25.8
13;25.91
13.5;25.91
14;26.03
14.5;26.03
15;26.15
15.5;26.15
16;26.28
16.5;26.28
17;26.42
17.5;26.57
18;26.57
18.5;26.72
19;26.72
19.5;26.88
20;26.88
20.5;27.05
21;27.05
21.5;27.22
22;27.4
22.5;27.4
23;27.59
23.5;27.59
24;27.78
24.5;27.78
25;27.98
25.5;27.98
26;28.18
26.5;28.18
27;28.39
27.5;28.61
28;28.61
28.5;28.83
29;28.83
29.5;29.05
30;29.05
30.5;29.28
31;29.28
31.5;29.51
32;29.75
32.5;29.75
33;29.99
33.5;29.99
34;30.23
34.5;30.23
35;30.48
35.5;30.48
36;30.73
36.5;30.98
37;30.98
37.5;31.24
38;31.24
38.5;31.5
39;31.5
39.5;31.76
40;31.76
40.5;32.03
41;32.03
41.5;32.3
42;32.56
42.5;32.56
43;32.84
43.5;32.84
44;33.11
44.5;33.11
45;33.39
45.5;33.39
46;33.66
46.5;33.94
47;33.94
47.5;34.22
48;34.22
48.5;34.5
49;34.5
49.5;34.78
50;34.78
50.5;35.06
51;35.34
51.5;35.34
52;35.62
52.5;35.62
53;35.9
53.5;35.9
54;36.18
54.5;36.18
55;36.46
55.5;36.46
56;36.74
56.5;37.02
57;37.02
57.5;37.3
58;37.3
58.5;37.58
59;37.58
59.5;37.86
60;37.86
60.5;38.14
61;38.41
61.5;38.41
62;38.69
62.5;38.69
63;38.97
63.5;38.97
64;39.24
64.5;39.24
65;39.52
65.5;39.79
66;39.79
66.5;40.06
67;40.06
67.5;40.34
68;40.34
68.5;40.61
69;40.61
69.5;40.88
70;41.15
70.5;41.15
71;41.42
71.5;41.42
72;41.69
72.5;41.69
73;41.95
73.5;41.95
74;42.22
74.5;42.22
75;42.48
75.5;42.75
76;42.75
76.5;43
77;43
77.5;43.27
78;43.27
78.5;43.52
79;43.52
79.5;43.78
80;44.03
80.5;44.03
81;44.28
81.5;44.28
82;44.53
82.5;44.53
83;44.78
83.5;44.78
84;45.03
84.5;45.28
85;45.28
85.5;45.52
86;45.52
86.5;45.77
87;45.77
87.5;46.01
88;46.01
88.5;46.25
89;46.48
89.5;46.48
90;46.72
90.5;46.72
91;46.96
91.5;46.96
92;47.19
92.5;47.19
93;47.42
93.5;47.42
94;47.65
94.5;47.88
95;47.88
95.5;48.1
96;48.1
96.5;48.32
97;48.32
97.5;48.54
98;48.54
98.5;48.76
99;48.98
99.5;48.98
100;49.2
100.5;49.2
101;49.41
101.5;49.41
102;49.62
102.5;49.62
103;49.83
103.5;50.04
104;50.04
104.5;50.25
105;50.25
105.5;50.45
106;50.45
106.5;50.65
107;50.65
107.5;50.86
108;51.06
108.5;51.06
109;51.26
109.5;51.26
110;51.45
110.5;51.45
111;51.65
111.5;51.65
112;51.85
112.5;52.04
113;52.04
113.5;52.23
114;52.23
114.5;52.43
115;52.43
115.5;52.62
116;52.62
116.5;52.81
117;52.81
117.5;52.99
118;53.18
118.5;53.18
119;53.36
119.5;53.36
120;53.55
120.5;53.55
121;53.73
121.5;53.73
122;53.91
122.5;54.09
123;54.09
123.5;54.27
124;54.27
124.5;54.44
125;54.44
125.5;54.62
126;54.62
126.5;54.79
127;54.96
127.5;54.96
128;55.13
128.5;55.13
129;55.3
129.5;55.3
130;55.47
130.5;55.47
131;55.63
131.5;55.8
132;55.8
132.5;55.96
133;55.96
133.5;56.12
134;56.12
134.5;56.28
135;56.28
135.5;56.44
136;56.6
136.5;56.6
137;56.76
137.5;56.76
138;56.91
138.5;56.91
139;57.06
139.5;57.06
140;57.22
140.5;57.37
141;57.37
141.5;57.51
142;57.51
142.5;57.66
143;57.66
143.5;57.8
144;57.8
144.5;57.94
145;57.94
145.5;58.08
146;58.21
146.5;58.21
147;58.34
147.5;58.34
148;58.46
148.5;58.46
149;58.59
149.5;58.59
150;58.71
150.5;58.83
151;58.83
151.5;58.95
152;58.95
152.5;59.07
153;59.07
153.5;59.19
154;59.19
154.5;59.32
155;59.43
155.5;59.43
156;59.56
156.5;59.56
157;59.68
157.5;59.68
158;59.8
158.5;59.8
159;59.92
159.5;60.04
160;60.04
160.5;60.17
161;60.17
161.5;60.29
162;60.29
162.5;60.41
163;60.41
163.5;60.53
164;60.65
164.5;60.65
165;60.77
165.5;60.77
166;60.89
166.5;60.89
167;61.01
167.5;61.01
168;61.13
168.5;61.24
169;61.24
169.5;61.35
170;61.35
170.5;61.47
171;61.47
171.5;61.58
172;61.58
172.5;61.69
173;61.8
173.5;61.8
174;61.91
174.5;61.91
175;62.02
175.5;62.02
176;62.13
176.5;62.13
177;62.24
177.5;62.24
178;62.35
178.5;62.46
179;62.46
179.5;62.56
180;62.56
180.5;62.67
181;62.67
181.5;62.77
182;62.77
182.5;62.88
183;62.98
183.5;62.98
184;63.08
184.5;63.08
185;63.18
185.5;63.18
186;63.28
186.5;63.28
187;63.39
187.5;63.49
188;63.49
188.5;63.59
189;63.59
189.5;63.69
190;63.69
190.5;63.79
191;63.79
191.5;63.89
192;63.99
192.5;63.99
193;64.09
193.5;64.09
194;64.18
194.5;64.18
195;64.28
195.5;64.28
196;64.38
196.5;64.47
197;64.47
197.5;64.56
198;64.56
198.5;64.65
199;64.65
199.5;64.74
200;64.74
200.5;64.83
201;64.92
201.5;64.92
202;65.01
202.5;65.01
203;65.09
203.5;65.09
204;65.18
204.5;65.18
205;65.26
205.5;65.34
206;65.34
206.5;65.42
207;65.42
207.5;65.5
208;65.5
208.5;65.58
209;65.58
209.5;65.66
210;65.73
210.5;65.73
211;65.81
211.5;65.81
212;65.89
212.5;65.89
213;65.96
213.5;65.96
214;66.03
214.5;66.11
215;66.11
215.5;66.18
216;66.18
216.5;66.25
217;66.25
217.5;66.32
218;66.32
218.5;66.39
219;66.46
219.5;66.46
220;66.54
220.5;66.54
221;66.61
221.5;66.61
222;66.68
222.5;66.68
223;66.74
223.5;66.81
224;66.81
224.5;66.88
225;66.88
225.5;66.95
226;66.95
226.5;67.02
227;67.02
227.5;67.08
228;67.08
228.5;67.15
229;67.21
229.5;67.21
230;67.27
230.5;67.27
231;67.33
231.5;67.33
232;67.39
232.5;67.39
233;67.44
233.5;67.5
234;67.5
234.5;67.55
235;67.55
235.5;67.61
236;67.61
236.5;67.66
237;67.66
237.5;67.71
238;67.76
238.5;67.76
239;67.81
239.5;67.81
240;67.86
240.5;67.86
241;67.91
241.5;67.91
242;67.96
242.5;68
243;68
243.5;68.05
244;68.05
244.5;68.1
245;68.1
245.5;68.14
246;68.14
246.5;68.19
247;68.23
247.5;68.23
248;68.28
248.5;68.28
249;68.33
249.5;68.33
250;68.37
250.5;68.37
251;68.42
251.5;68.47
252;68.47
252.5;68.52
253;68.52
253.5;68.57
254;68.57
254.5;68.61
255;68.61
255.5;68.66
256;68.71
256.5;68.71
257;68.76
257.5;68.76
258;68.8
258.5;68.8
259;68.85
259.5;68.85
260;68.89
260.5;68.94
261;68.94
261.5;68.98
262;68.98
262.5;69.03
263;69.03
263.5;69.08
264;69.08
264.5;69.13
265;69.17
265.5;69.17
266;69.22
266.5;69.22
267;69.27
267.5;69.27
268;69.31
268.5;69.31
269;69.36
269.5;69.4
270;69.4
270.5;69.45
271;69.45
271.5;69.49
272;69.49
272.5;69.53
273;69.53
273.5;69.57
274;69.61
274.5;69.61
275;69.64
275.5;69.64
276;69.68
276.5;69.68
277;69.72
277.5;69.72
278;69.75
278.5;69.79
279;69.79
279.5;69.82
280;69.82
280.5;69.85
281;69.85
281.5;69.88
282;69.88
282.5;69.91
283;69.94
283.5;69.94
284;69.97
284.5;69.97
285;69.99
285.5;69.99
286;70.02
286.5;70.02
287;70.05
287.5;70.08
288;70.08
288.5;70.1
289;70.1
289.5;70.13
290;70.13
290.5;70.16
291;70.16
291.5;70.19
292;70.21
292.5;70.21
293;70.24
293.5;70.24
294;70.27
294.5;70.27
295;70.3
295.5;70.3
296;70.33
296.5;70.36
297;70.36
297.5;70.39
298;70.39
298.5;70.43
299;70.43
299.5;70.46
300;70.46
300.5;70.49
301;70.53
301.5;70.53
302;70.56
302.5;70.56
303;70.6
303.5;70.6
304;70.64
304.5;70.64
305;70.67
305.5;70.67
306;70.71
306.5;70.75
307;70.75
307.5;70.78
308;70.78
308.5;70.82
309;70.82
309.5;70.85
310;70.85
310.5;70.89
311;70.92
311.5;70.92
312;70.95
312.5;70.95
313;70.99
313.5;70.99
314;71.02
314.5;71.02
315;71.05
315.5;71.08
316;71.08
316.5;71.11
317;71.11
317.5;71.13
318;71.13
318.5;71.16
319;71.16
319.5;71.19
320;71.21
320.5;71.21
321;71.23
321.5;71.23
322;71.26
322.5;71.26
323;71.28
323.5;71.28
324;71.3
324.5;71.33
325;71.33
325.5;71.35
326;71.35
326.5;71.37
327;71.37
327.5;71.4
328;71.4
328.5;71.42
329;71.44
329.5;71.44
330;71.46
330.5;71.46
331;71.48
331.5;71.48
332;71.51
332.5;71.51
333;71.53
333.5;71.56
334;71.56
334.5;71.59
335;71.59
335.5;71.62
336;71.62
336.5;71.64
337;71.64
337.5;71.67
338;71.7
338.5;71.7
339;71.73
339.5;71.73
340;71.75
340.5;71.75
341;71.78
341.5;71.78
342;71.81
342.5;71.83
343;71.83
343.5;71.86
344;71.86
344.5;71.88
345;71.88
345.5;71.91
346;71.91
346.5;71.93
347;71.96
347.5;71.96
348;71.99
348.5;71.99
349;72.01
349.5;72.01
350;72.04
350.5;72.04
351;72.07
351.5;72.09
352;72.09
352.5;72.12
353;72.12
353.5;72.14
354;72.14
354.5;72.16
355;72.16
355.5;72.19
356;72.21
356.5;72.21
357;72.23
357.5;72.23
358;72.25
358.5;72.25
359;72.27
359.5;72.27
360;72.29
360.5;72.31
361;72.31
361.5;72.33
362;72.33
362.5;72.35
363;72.35
363.5;72.37
364;72.37
364.5;72.39
365;72.4
365.5;72.4
366;72.42
366.5;72.42
367;72.44
367.5;72.44
368;72.46
368.5;72.46
369;72.48
369.5;72.49
370;72.49
370.5;72.52
371;72.52
371.5;72.54
372;72.54
372.5;72.56
373;72.56
373.5;72.58
374;72.61
374.5;72.61
375;72.63
375.5;72.63
376;72.66
376.5;72.66
377;72.69
377.5;72.69
378;72.71
378.5;72.74
379;72.74
379.5;72.77
380;72.77
380.5;72.8
381;72.8
381.5;72.83
382;72.83
382.5;72.85
383;72.87
383.5;72.87
384;72.9
384.5;72.9
385;72.92
385.5;72.92
386;72.94
386.5;72.94
387;72.97
387.5;72.99
388;72.99
388.5;73.02
389;73.02
389.5;73.04
390;73.04
390.5;73.06
391;73.06
391.5;73.09
392;73.12
392.5;73.12
393;73.15
393.5;73.15
394;73.17
394.5;73.17
395;73.2
395.5;73.2
396;73.22
396.5;73.24
397;73.24
397.5;73.27
398;73.27
398.5;73.29
399;73.29
399.5;73.32
400;73.32
400.5;73.34
401;73.36
401.5;73.36
402;73.39
402.5;73.39
403;73.42
403.5;73.42
404;73.44
404.5;73.44
405;73.47
405.5;73.49
406;73.49
406.5;73.52
407;73.52
407.5;73.55
408;73.55
408.5;73.57
409;73.57
409.5;73.6
410;73.62
410.5;73.62
411;73.65
411.5;73.65
412;73.67
412.5;73.67
413;73.69
413.5;73.69
414;73.71
414.5;73.74
415;73.74
415.5;73.76
416;73.76
416.5;73.78
417;73.78
417.5;73.8
418;73.8
418.5;73.83
419;73.85
419.5;73.85
420;73.87
420.5;73.87
421;73.89
421.5;73.89
422;73.91
422.5;73.91
423;73.93
423.5;73.96
424;73.96
424.5;73.98
425;73.98
425.5;74
426;74
426.5;74.02
427;74.02
427.5;74.04
428;74.06
428.5;74.06
429;74.08
429.5;74.08
430;74.1
430.5;74.1
431;74.12
431.5;74.12
432;74.14
432.5;74.15
433;74.15
433.5;74.17
434;74.17
434.5;74.19
435;74.19
435.5;74.21
436;74.21
436.5;74.22
437;74.24
437.5;74.24
438;74.26
438.5;74.26
439;74.28
439.5;74.28
440;74.3
440.5;74.3
441;74.33
441.5;74.35
442;74.35
442.5;74.37
443;74.37
443.5;74.39
444;74.39
444.5;74.41
445;74.41
445.5;74.43
446;74.45
446.5;74.45
447;74.47
447.5;74.47
448;74.49
448.5;74.49
449;74.51
449.5;74.51
450;74.53
450.5;74.55
451;74.55
451.5;74.57
452;74.57
452.5;74.59
453;74.59
453.5;74.61
454;74.61
454.5;74.62
455;74.64
455.5;74.64
456;74.65
456.5;74.65
457;74.66
457.5;74.66
458;74.68
458.5;74.68
459;74.69
459.5;74.7
460;74.7
460.5;74.72
461;74.72
461.5;74.73
462;74.73
462.5;74.75
463;74.75
463.5;74.76
464;74.78
464.5;74.78
465;74.79
465.5;74.79
466;74.81
466.5;74.81
467;74.82
467.5;74.82
468;74.84
468.5;74.86
469;74.86
469.5;74.88
470;74.88
470.5;74.89
471;74.89
471.5;74.91
472;74.91
472.5;74.93
473;74.95
473.5;74.95
474;74.98
474.5;74.98
475;75
475.5;75
476;75.01
476.5;75.01
477;75.03
477.5;75.05
478;75.05
478.5;75.07
479;75.07
479.5;75.08
480;75.08
480.5;75.1
481;75.1
481.5;75.11
482;75.12
482.5;75.12
483;75.14
483.5;75.14
484;75.15
484.5;75.15
485;75.16
485.5;75.16
486;75.18
486.5;75.19
487;75.19
487.5;75.2
488;75.2
488.5;75.21
489;75.21
489.5;75.22
490;75.22
490.5;75.23
491;75.24
491.5;75.24
492;75.26
492.5;75.26
493;75.27
493.5;75.27
494;75.28
494.5;75.28
495;75.29
495.5;75.31
496;75.31
496.5;75.32
497;75.32
497.5;75.34
498;75.34
498.5;75.35
499;75.35
499.5;75.36
500;75.38
500.5;75.38
501;75.39
501.5;75.39
502;75.4
502.5;75.4
503;75.41
503.5;75.41
504;75.42
504.5;75.43
505;75.43
505.5;75.44
506;75.44
506.5;75.45
507;75.45
507.5;75.45
508;75.45
508.5;75.46
509;75.47
509.5;75.47
510;75.47
510.5;75.47
511;75.48
511.5;75.48
512;75.48
512.5;75.48
513;75.49
513.5;75.5
514;75.5
514.5;75.51
515;75.51
515.5;75.52
516;75.52
516.5;75.53
517;75.53
517.5;75.54
518;75.55
518.5;75.55
519;75.56
519.5;75.56
520;75.58
520.5;75.58
521;75.59
521.5;75.59
522;75.6
522.5;75.61
523;75.61
523.5;75.63
524;75.63
524.5;75.64
525;75.64
525.5;75.66
526;75.66
526.5;75.68
527;75.69
527.5;75.69
528;75.71
528.5;75.71
529;75.72
529.5;75.72
530;75.74
530.5;75.74
531;75.75
531.5;75.76
532;75.76
532.5;75.77
533;75.77
533.5;75.79
534;75.79
534.5;75.8
535;75.8
535.5;75.81
536;75.82
536.5;75.82
537;75.83
537.5;75.83
538;75.85
538.5;75.85
539;75.86
539.5;75.86
540;75.87
540.5;75.89
541;75.89
541.5;75.9
542;75.9
542.5;75.91
543;75.91
543.5;75.92
544;75.92
544.5;75.94
545;75.96
545.5;75.96
546;75.97
546.5;75.97
547;75.99
547.5;75.99
548;76.01
548.5;76.01
549;76.02
549.5;76.04
550;76.04
550.5;76.05
551;76.05
551.5;76.07
552;76.07
552.5;76.08
553;76.08
553.5;76.1
554;76.11
554.5;76.11
555;76.12
555.5;76.12
556;76.13
556.5;76.13
557;76.14
557.5;76.14
558;76.16
558.5;76.17
559;76.17
559.5;76.18
560;76.18
560.5;76.19
561;76.19
561.5;76.21
562;76.21
562.5;76.22
563;76.23
563.5;76.23
564;76.24
564.5;76.24
565;76.26
565.5;76.26
566;76.27
566.5;76.27
567;76.28
567.5;76.29
568;76.29
568.5;76.3
569;76.3
569.5;76.32
570;76.32
570.5;76.33
571;76.33
571.5;76.34
572;76.35
572.5;76.35
573;76.36
573.5;76.36
574;76.38
574.5;76.38
575;76.39
575.5;76.39
576;76.4
576.5;76.41
577;76.41
577.5;76.43
578;76.43
578.5;76.44
579;76.44
579.5;76.45
580;76.45
580.5;76.46
581;76.47
581.5;76.47
582;76.49
582.5;76.49
583;76.5
583.5;76.5
584;76.51
584.5;76.51
585;76.52
585.5;76.53
586;76.53
586.5;76.55
587;76.55
587.5;76.56
588;76.56
588.5;76.58
589;76.58
589.5;76.59
590;76.61
590.5;76.61
591;76.62
591.5;76.62
592;76.63
592.5;76.63
593;76.65
593.5;76.65
594;76.66
594.5;76.67
595;76.67
595.5;76.69
596;76.69
596.5;76.7
597;76.7
597.5;76.71
598;76.71
598.5;76.73
599;76.74
599.5;76.74
600;76.75
600.5;76.75
601;76.76
601.5;76.76
602;76.77
602.5;76.77
603;76.78
603.5;76.8
604;76.8
604.5;76.81
605;76.81
605.5;76.82
606;76.82
606.5;76.83
607;76.83
607.5;76.84
608;76.86
608.5;76.86
609;76.87
609.5;76.87
610;76.88
610.5;76.88
611;76.89
611.5;76.89
612;76.9
612.5;76.91
613;76.91
613.5;76.92
614;76.92
614.5;76.93
615;76.93
615.5;76.94
616;76.94
616.5;76.95
617;76.96
617.5;76.96
618;76.97
618.5;76.97
619;76.98
619.5;76.98
620;76.99
620.5;76.99
621;77
621.5;77.01
622;77.01
622.5;77.02
623;77.02
623.5;77.03
624;77.03
624.5;77.04
625;77.04
625.5;77.04
626;77.05
626.5;77.05
627;77.06
627.5;77.06
628;77.07
628.5;77.07
629;77.07
629.5;77.07
630;77.08
630.5;77.09
631;77.09
631.5;77.1
632;77.1
632.5;77.11
633;77.11
633.5;77.11
634;77.11
634.5;77.12
635;77.14
635.5;77.14
636;77.14
636.5;77.14
637;77.16
637.5;77.16
638;77.17
638.5;77.17
639;77.18
639.5;77.19
640;77.19
640.5;77.21
641;77.21
641.5;77.22
642;77.22
642.5;77.23
643;77.23
643.5;77.24
644;77.26
644.5;77.26
645;77.27
645.5;77.27
646;77.28
646.5;77.28
647;77.29
647.5;77.29
648;77.31
648.5;77.32
649;77.32
649.5;77.33
650;77.33
650.5;77.34
651;77.34
651.5;77.35
652;77.35
652.5;77.36
653;77.37
653.5;77.37
654;77.38
654.5;77.38
655;77.39
655.5;77.39
656;77.4
656.5;77.41
657;77.41
657.5;77.42
658;77.42
658.5;77.42
659;77.42
659.5;77.43
660;77.43
660.5;77.44
661;77.45
661.5;77.45
662;77.46
662.5;77.46
663;77.47
663.5;77.47
664;77.47
664.5;77.47
665;77.48
665.5;77.49
666;77.49
666.5;77.5
667;77.5
667.5;77.51
668;77.51
668.5;77.52
669;77.52
669.5;77.53
670;77.54
670.5;77.54
671;77.54
671.5;77.54
672;77.55
672.5;77.55
673;77.56
673.5;77.56
674;77.57
674.5;77.58
675;77.58
675.5;77.59
676;77.59
676.5;77.6
677;77.6
677.5;77.61
678;77.61
678.5;77.62
679;77.63
679.5;77.63
680;77.64
680.5;77.64
681;77.65
681.5;77.65
682;77.66
682.5;77.66
683;77.67
683.5;77.68
684;77.68
684.5;77.69
685;77.69
685.5;77.7
686;77.7
686.5;77.71
687;77.71
687.5;77.72
688;77.73
688.5;77.73
689;77.74
689.5;77.74
690;77.75
690.5;77.75
691;77.76
691.5;77.76
692;77.77
692.5;77.79
693;77.79
693.5;77.8
694;77.8
694.5;77.81
695;77.81
695.5;77.82
696;77.82
696.5;77.83
697;77.84
697.5;77.84
698;77.85
698.5;77.85
699;77.86
699.5;77.86
700;77.86
700.5;77.86
701;77.87
701.5;77.88
702;77.88
702.5;77.89
703;77.89
703.5;77.9
704;77.9
704.5;77.9
705;77.9
705.5;77.91
706;77.91
706.5;77.91
707;77.92
707.5;77.92
708;77.93
708.5;77.93
709;77.93
709.5;77.93
710;77.94
710.5;77.95
711;77.95
711.5;77.96
712;77.96
712.5;77.97
713;77.97
713.5;77.97
714;77.97
714.5;77.98
715;77.99
715.5;77.99
716;78
716.5;78
717;78.01
717.5;78.01
718;78.02
718.5;78.02
719;78.03
719.5;78.04
720;78.04
720.5;78.04
721;78.04
721.5;78.05
722;78.05
722.5;78.06
723;78.06
723.5;78.07
724;78.07
724.5;78.07
725;78.07
725.5;78.07
726;78.08
726.5;78.08
727;78.08
727.5;78.08
728;78.09
728.5;78.1
729;78.1
729.5;78.1
730;78.1
730.5;78.11
731;78.11
731.5;78.12
732;78.12
732.5;78.13
733;78.13
733.5;78.13
734;78.14
734.5;78.14
735;78.15
735.5;78.15
736;78.16
736.5;78.16
737;78.16
737.5;78.17
738;78.17
738.5;78.18
739;78.18
739.5;78.19
740;78.19
740.5;78.2
741;78.2
741.5;78.2
742;78.21
742.5;78.21
743;78.23
743.5;78.23
744;78.24
744.5;78.24
745;78.25
745.5;78.25
746;78.26
746.5;78.27
747;78.27
747.5;78.27
748;78.27
748.5;78.28
749;78.28
749.5;78.29
750;78.29
750.5;78.3
751;78.31
751.5;78.31
752;78.31
752.5;78.31
753;78.32
753.5;78.32
754;78.33
754.5;78.33
755;78.34
755.5;78.35
756;78.35
756.5;78.36
757;78.36
757.5;78.37
758;78.37
758.5;78.37
759;78.37
759.5;78.38
760;78.39
760.5;78.39
761;78.4
761.5;78.4
762;78.4
762.5;78.4
763;78.41
763.5;78.41
764;78.42
764.5;78.42
765;78.42
765.5;78.43
766;78.43
766.5;78.44
767;78.44
767.5;78.45
768;78.45
768.5;78.45
769;78.46
769.5;78.46
770;78.47
770.5;78.47
771;78.48
771.5;78.48
772;78.48
772.5;78.49
773;78.49
773.5;78.5
774;78.5
774.5;78.51
775;78.51
775.5;78.52
776;78.52
776.5;78.53
777;78.54
777.5;78.54
778;78.55
778.5;78.55
779;78.55
779.5;78.55
780;78.56
780.5;78.56
781;78.57
781.5;78.58
782;78.58
782.5;78.59
783;78.59
783.5;78.59
784;78.59
784.5;78.6
785;78.6
785.5;78.61
786;78.62
786.5;78.62
787;78.62
787.5;78.62
788;78.63
788.5;78.63
789;78.64
789.5;78.64
790;78.64
790.5;78.65
791;78.65
791.5;78.65
792;78.65
792.5;78.66
793;78.66
793.5;78.67
794;78.67
794.5;78.67
795;78.68
795.5;78.68
796;78.68
796.5;78.68
797;78.69
797.5;78.69
798;78.7
798.5;78.7
799;78.71
799.5;78.71
800;78.71
800.5;78.72
801;78.72
801.5;78.72
802;78.72
802.5;78.73
803;78.73
803.5;78.73
804;78.73
804.5;78.73
805;78.73
805.5;78.73
806;78.73
806.5;78.73
807;78.73
807.5;78.73
808;78.73
808.5;78.73
809;78.73
809.5;78.74
810;78.74
810.5;78.74
811;78.74
811.5;78.74
812;78.74
812.5;78.74
813;78.74
813.5;78.74
814;78.75
814.5;78.75
815;78.75
815.5;78.75
816;78.76
816.5;78.76
817;78.76
817.5;78.77
818;78.77
818.5;78.77
819;78.77
819.5;78.78
820;78.78
820.5;78.78
821;78.78
821.5;78.79
822;78.8
822.5;78.8
823;78.8
823.5;78.8
824;78.81
824.5;78.81
825;78.81
825.5;78.81
826;78.81
826.5;78.82
827;78.82
827.5;78.82
828;78.82
828.5;78.82
829;78.82
829.5;78.82
830;78.82
830.5;78.83
831;78.83
831.5;78.83
832;78.83
832.5;78.83
833;78.83
833.5;78.83
834;78.83
834.5;78.83
835;78.83
835.5;78.83
836;78.83
836.5;78.83
837;78.83
837.5;78.84
838;78.84
838.5;78.84
839;78.84
839.5;78.84
840;78.85
840.5;78.85
841;78.85
841.5;78.85
842;78.85
842.5;78.85
843;78.86
843.5;78.86
844;78.87
844.5;78.87
845;78.87
845.5;78.88
846;78.88
846.5;78.89
847;78.89
847.5;78.9
848;78.9
848.5;78.9
849;78.91
849.5;78.91
850;78.92
850.5;78.92
851;78.93
851.5;78.93
852;78.94
852.5;78.94
853;78.95
853.5;78.97
854;78.97
854.5;78.98
855;78.98
855.5;78.99
856;78.99
856.5;79
857;79
857.5;79.01
858;79.02
858.5;79.02
859;79.03
859.5;79.03
860;79.05
860.5;79.05
861;79.06
861.5;79.07
862;79.07
862.5;79.08
863;79.08
863.5;79.09
864;79.09
864.5;79.11
865;79.11
865.5;79.12
866;79.13
866.5;79.13
867;79.14
867.5;79.14
868;79.15
868.5;79.15
869;79.16
869.5;79.16
870;79.17
870.5;79.18
871;79.18
871.5;79.19
872;79.19
872.5;79.2
873;79.2
873.5;79.21
874;79.21
874.5;79.21
875;79.22
875.5;79.22
876;79.23
876.5;79.23
877;79.24
877.5;79.24
878;79.24
878.5;79.24
879;79.25
879.5;79.26
880;79.26
880.5;79.26
881;79.26
881.5;79.27
882;79.27
882.5;79.27
883;79.27
883.5;79.28
884;79.29
884.5;79.29
885;79.29
885.5;79.29
886;79.3
886.5;79.3
887;79.3
887.5;79.3
888;79.31
888.5;79.31
889;79.31
889.5;79.32
890;79.32
890.5;79.32
891;79.32
891.5;79.33
892;79.33
892.5;79.33
893;79.34
893.5;79.34
894;79.34
894.5;79.34
895;79.35
895.5;79.35
896;79.35
896.5;79.35
897;79.35
897.5;79.35
898;79.35
898.5;79.35
899;79.35
899.5;79.34
900;79.34
900.5;79.34
901;79.34
901.5;79.34
902;79.33
902.5;79.33
903;79.33
903.5;79.33
904;79.33
904.5;79.33
905;79.33
905.5;79.33
906;79.33
906.5;79.33
907;79.33
907.5;79.33
908;79.33
908.5;79.33
909;79.33
909.5;79.33
910;79.33
910.5;79.33
911;79.33
911.5;79.33
912;79.34
912.5;79.34
913;79.34
913.5;79.34
914;79.35
914.5;79.35
915;79.35
915.5;79.35
916;79.35
916.5;79.36
917;79.36
917.5;79.36
918;79.36
918.5;79.37
919;79.37
919.5;79.37
920;79.37
920.5;79.37
921;79.38
921.5;79.38
922;79.39
922.5;79.39
923;79.39
923.5;79.39
924;79.4
924.5;79.4
925;79.4
925.5;79.4
926;79.4
926.5;79.41
927;79.41
927.5;79.41
928;79.41
928.5;79.41
929;79.42
929.5;79.42
930;79.42
930.5;79.42
931;79.42
931.5;79.42
932;79.41
932.5;79.41
933;79.41
933.5;79.41
934;79.41
934.5;79.41
935;79.41
935.5;79.41
936;79.41
936.5;79.41
937;79.41
937.5;79.41
938;79.42
938.5;79.42
939;79.42
939.5;79.42
940;79.42
940.5;79.42
941;79.43
941.5;79.43
942;79.43
942.5;79.44
943;79.44
943.5;79.45
944;79.45
944.5;79.46
945;79.46
945.5;79.46
946;79.47
946.5;79.47
947;79.48
947.5;79.48
948;79.49
948.5;79.49
949;79.5
949.5;79.5
950;79.51
950.5;79.52
951;79.52
951.5;79.52
952;79.52
952.5;79.53
953;79.53
953.5;79.54
954;79.54
954.5;79.55
955;79.55
955.5;79.55
956;79.56
956.5;79.56
957;79.57
957.5;79.57
958;79.58
958.5;79.58
959;79.58
959.5;79.59
960;79.59
960.5;79.6
961;79.6
961.5;79.6
962;79.6
962.5;79.61
963;79.61
963.5;79.62
964;79.63
964.5;79.63
965;79.63
965.5;79.63
966;79.64
966.5;79.64
967;79.64
967.5;79.64
968;79.65
968.5;79.66
969;79.66
969.5;79.66
970;79.66
970.5;79.67
971;79.67
971.5;79.67
972;79.67
972.5;79.68
973;79.68
973.5;79.68
974;79.69
974.5;79.69
975;79.69
975.5;79.69
976;79.7
976.5;79.7
977;79.7
977.5;79.7
978;79.7
978.5;79.71
979;79.71
979.5;79.71
980;79.71
980.5;79.72
981;79.72
981.5;79.72
982;79.73
982.5;79.73
983;79.73
983.5;79.73
984;79.74
984.5;79.74
985;79.74
985.5;79.74
986;79.75
986.5;79.75
987;79.75
987.5;79.75
988;79.75
988.5;79.76
989;79.76
989.5;79.76
990;79.76
990.5;79.76
991;79.76
991.5;79.76
992;79.76
992.5;79.76
993;79.76
993.5;79.76
994;79.76
994.5;79.76
995;79.76
995.5;79.76
996;79.76
996.5;79.76
997;79.76
997.5;79.76
998;79.76
998.5;79.76
999;79.76
999.5;79.76
1000;79.76
1000.5;79.76
1001;79.76
1001.5;79.76
1002;79.76
1002.5;79.76
1003;79.76
1003.5;79.76
1004;79.76
1004.5;79.76
1005;79.76
1005.5;79.77
1006;79.77
1006.5;79.77
1007;79.77
1007.5;79.78
1008;79.78
1008.5;79.78
1009;79.79
1009.5;79.79
1010;79.79
1010.5;79.79
1011;79.8
1011.5;79.8
1012;79.8
1012.5;79.8
1013;79.8
1013.5;79.81
1014;79.81
1014.5;79.81
1015;79.81
1015.5;79.81
1016;79.81
1016.5;79.82
1017;79.83
1017.5;79.83
1018;79.83
1018.5;79.83
1019;79.84
1019.5;79.84
1020;79.85
1020.5;79.85
1021;79.86
1021.5;79.86
1022;79.86
1022.5;79.87
1023;79.87
1023.5;79.88
1024;79.88
1024.5;79.89
1025;79.89
1025.5;79.89
1026;79.9
1026.5;79.9
1027;79.91
1027.5;79.91
1028;79.91
1028.5;79.91
1029;79.92
1029.5;79.92
1030;79.92
1030.5;79.93
1031;79.93
1031.5;79.93
1032;79.93
1032.5;79.93
1033;79.93
1033.5;79.94
1034;79.94
1034.5;79.94
1035;79.95
1035.5;79.95
1036;79.95
1036.5;79.95
1037;79.96
1037.5;79.96
1038;79.96
1038.5;79.96
1039;79.97
1039.5;79.98
1040;79.98
1040.5;79.98
1041;79.98
1041.5;79.99
1042;79.99
1042.5;80
1043;80
1043.5;80.01
1044;80.01
1044.5;80.01
1045;80.02
1045.5;80.02
1046;80.03
1046.5;80.03
1047;80.04
1047.5;80.04
1048;80.05
1048.5;80.05
1049;80.05
1049.5;80.06
1050;80.06
1050.5;80.07
1051;80.07
1051.5;80.08
1052;80.08
1052.5;80.08
1053;80.09
1053.5;80.09
1054;80.09
1054.5;80.09
1055;80.1
1055.5;80.1
1056;80.1
1056.5;80.1
1057;80.1
1057.5;80.1
1058;80.1
1058.5;80.1
1059;80.1
1059.5;80.1
1060;80.1
1060.5;80.11
1061;80.11
1061.5;80.11
1062;80.11
1062.5;80.11
1063;80.11
1063.5;80.11
1064;80.11
1064.5;80.11
1065;80.11
1065.5;80.11
1066;80.11
1066.5;80.11
1067;80.11
1067.5;80.11
1068;80.11
1068.5;80.12
1069;80.12
1069.5;80.12
1070;80.12
1070.5;80.12
1071;80.11
1071.5;80.11
1072;80.11
1072.5;80.11
1073;80.11
1073.5;80.11
1074;80.11
1074.5;80.11
1075;80.11
1075.5;80.1
1076;80.1
1076.5;80.1
1077;80.1
1077.5;80.09
1078;80.09
1078.5;80.09
1079;80.09
1079.5;80.09
1080;80.08
1080.5;80.08
1081;80.08
1081.5;80.08
1082;80.08
1082.5;80.08
1083;80.08
1083.5;80.08
1084;80.08
1084.5;80.08
1085;80.08
1085.5;80.07
1086;80.07
1086.5;80.08
1087;80.08
1087.5;80.08
1088;80.08
1088.5;80.08
1089;80.08
1089.5;80.08
1090;80.08
1090.5;80.08
1091;80.08
1091.5;80.08
1092;80.09
1092.5;80.09
1093;80.09
1093.5;80.09
1094;80.09
1094.5;80.1
1095;80.1
1095.5;80.1
1096;80.1
1096.5;80.11
1097;80.11
1097.5;80.11
1098;80.11
1098.5;80.11
1099;80.12
1099.5;80.12
1100;80.13
1100.5;80.13
1101;80.13
1101.5;80.14
1102;80.14
1102.5;80.14
1103;80.14
1103.5;80.15
1104;80.15
1104.5;80.15
1105;80.15
1105.5;80.16
1106;80.17
1106.5;80.17
1107;80.17
1107.5;80.17
1108;80.18
1108.5;80.18
1109;80.18
1109.5;80.18
1110;80.19
1110.5;80.19
1111;80.19
1111.5;80.19
1112;80.19
1112.5;80.19
1113;80.19
1113.5;80.19
1114;80.19
1114.5;80.19
1115;80.18
1115.5;80.18
1116;80.18
1116.5;80.18
1117;80.18
1117.5;80.18
1118;80.18
1118.5;80.18
1119;80.18
1119.5;80.18
1120;80.18
1120.5;80.18
1121;80.18
1121.5;80.18
1122;80.18
1122.5;80.18
1123;80.18
1123.5;80.18
1124;80.18
1124.5;80.18
1125;80.18
1125.5;80.18
1126;80.18
1126.5;80.18
1127;80.18
1127.5;80.18
1128;80.18
1128.5;80.18
1129;80.18
1129.5;80.19
1130;80.19
1130.5;80.19
1131;80.19
1131.5;80.19
1132;80.19
1132.5;80.19
1133;80.2
1133.5;80.2
1134;80.2
1134.5;80.2
1135;80.21
1135.5;80.21
1136;80.21
1136.5;80.21
1137;80.21
1137.5;80.22
1138;80.22
1138.5;80.22
1139;80.22
1139.5;80.23
1140;80.23
1140.5;80.23
1141;80.24
1141.5;80.24
1142;80.24
1142.5;80.24
1143;80.25
1143.5;80.25
1144;80.25
1144.5;80.25
1145;80.26
1145.5;80.26
1146;80.26
1146.5;80.27
1147;80.27
1147.5;80.27
1148;80.27
1148.5;80.28
1149;80.28
1149.5;80.28
1150;80.29
1150.5;80.29
1151;80.29
1151.5;80.29
1152;80.3
1152.5;80.3
1153;80.3
1153.5;80.3
1154;80.31
1154.5;80.32
1155;80.32
1155.5;80.32
1156;80.32
1156.5;80.32
1157;80.32
1157.5;80.33
1158;80.33
1158.5;80.33
1159;80.34
1159.5;80.34
1160;80.34
1160.5;80.34
1161;80.35
1161.5;80.35
1162;80.35
1162.5;80.35
1163;80.36
1163.5;80.36
1164;80.36
1164.5;80.36
1165;80.36
1165.5;80.36
1166;80.36
1166.5;80.36
1167;80.36
1167.5;80.36
1168;80.36
1168.5;80.36
1169;80.35
1169.5;80.35
1170;80.35
1170.5;80.35
1171;80.35
1171.5;80.35
1172;80.35
1172.5;80.35
1173;80.35
1173.5;80.36
1174;80.36
1174.5;80.36
1175;80.36
1175.5;80.36
1176;80.36
1176.5;80.36
1177;80.37
1177.5;80.37
1178;80.37
1178.5;80.37
1179;80.38
1179.5;80.38
1180;80.38
1180.5;80.38
1181;80.38
1181.5;80.39
1182;80.39
1182.5;80.39
1183;80.39
1183.5;80.4
1184;80.4
1184.5;80.4
1185;80.4
1185.5;80.41
1186;80.42
1186.5;80.42
1187;80.42
1187.5;80.42
1188;80.43
1188.5;80.43
1189;80.43
1189.5;80.43
1190;80.44
1190.5;80.45
1191;80.45
1191.5;80.45
1192;80.45
1192.5;80.46
1193;80.46
1193.5;80.46
1194;80.46
1194.5;80.47
1195;80.48
1195.5;80.48
1196;80.48
1196.5;80.48
1197;80.49
1197.5;80.49
1198;80.49
1198.5;80.5
1199;80.5
1199.5;80.5
1200;80.5
1200.5;80.5
1201;80.5
1201.5;80.51
1202;80.51
1202.5;80.51
1203;80.51
1203.5;80.51
1204;80.51
1204.5;80.51
1205;80.51
1205.5;80.51
1206;80.51
1206.5;80.51
1207;80.51
1207.5;80.51
1208;80.51
1208.5;80.51
1209;80.51
1209.5;80.51
1210;80.51
1210.5;80.52
1211;80.52
1211.5;80.52
1212;80.52
1212.5;80.52
1213;80.52
1213.5;80.52
1214;80.52
1214.5;80.52
1215;80.52
1215.5;80.52
1216;80.53
1216.5;80.53
1217;80.53
1217.5;80.54
1218;80.54
1218.5;80.54
1219;80.54
1219.5;80.54
1220;80.54
1220.5;80.54
1221;80.54
1221.5;80.54
1222;80.55
1222.5;80.55
1223;80.55
1223.5;80.55
1224;80.55
1224.5;80.55
1225;80.55
1225.5;80.55
1226;80.55
1226.5;80.55
1227;80.55
1227.5;80.55
1228;80.55
1228.5;80.55
1229;80.55
1229.5;80.55
1230;80.56
1230.5;80.56
1231;80.56
1231.5;80.56
1232;80.56
1232.5;80.56
1233;80.56
1233.5;80.56
1234;80.56
1234.5;80.56
1235;80.56
1235.5;80.57
1236;80.57
1236.5;80.57
1237;80.57
1237.5;80.57
1238;80.57
1238.5;80.57
1239;80.58
1239.5;80.58
1240;80.58
1240.5;80.58
1241;80.58
1241.5;80.58
1242;80.58
1242.5;80.58
1243;80.58
1243.5;80.58
1244;80.58
1244.5;80.59
1245;80.59
1245.5;80.59
1246;80.59
1246.5;80.59
1247;80.59
1247.5;80.59
1248;80.59
1248.5;80.59
1249;80.6
1249.5;80.6
1250;80.6
1250.5;80.6
1251;80.6
1251.5;80.6
1252;80.6
1252.5;80.61
1253;80.61
1253.5;80.61
1254;80.61
1254.5;80.61
1255;80.61
1255.5;80.61
1256;80.62
1256.5;80.62
1257;80.62
1257.5;80.62
1258;80.62
1258.5;80.62
1259;80.63
1259.5;80.63
1260;80.63
1260.5;80.63
1261;80.63
1261.5;80.64
1262;80.64
1262.5;80.64
1263;80.64
1263.5;80.65
1264;80.65
1264.5;80.65
1265;80.66
1265.5;80.66
1266;80.66
1266.5;80.66
1267;80.67
1267.5;80.67
1268;80.67
1268.5;80.67
1269;80.67
1269.5;80.67
1270;80.67
1270.5;80.67
1271;80.67
1271.5;80.67
1272;80.67
1272.5;80.67
1273;80.67
1273.5;80.67
1274;80.67
1274.5;80.67
1275;80.66
1275.5;80.66
1276;80.66
1276.5;80.66
1277;80.66
1277.5;80.66
1278;80.66
1278.5;80.66
1279;80.66
1279.5;80.66
1280;80.66
1280.5;80.66
1281;80.66
1281.5;80.66
1282;80.66
1282.5;80.66
1283;80.66
1283.5;80.66
1284;80.66
1284.5;80.66
1285;80.66
1285.5;80.66
1286;80.66
1286.5;80.66
1287;80.66
1287.5;80.66
1288;80.66
1288.5;80.66
1289;80.66
1289.5;80.66
1290;80.66
1290.5;80.66
1291;80.66
1291.5;80.66
1292;80.66
1292.5;80.66
1293;80.66
1293.5;80.66
1294;80.66
1294.5;80.66
1295;80.66
1295.5;80.66
1296;80.66
1296.5;80.67
1297;80.67
1297.5;80.67
1298;80.67
1298.5;80.67
1299;80.67
1299.5;80.67
1300;80.67
1300.5;80.67
1301;80.68
1301.5;80.68
1302;80.68
1302.5;80.68
1303;80.68
1303.5;80.68
1304;80.69
1304.5;80.69
1305;80.69
1305.5;80.69
1306;80.69
1306.5;80.7
1307;80.7
1307.5;80.7
1308;80.7
1308.5;80.7
1309;80.7
1309.5;80.7
1310;80.7
1310.5;80.7
1311;80.7
1311.5;80.7
1312;80.69
1312.5;80.69
1313;80.69
1313.5;80.69
1314;80.69
1314.5;80.69
1315;80.69
1315.5;80.69
1316;80.69
1316.5;80.69
1317;80.69
1317.5;80.69
1318;80.69
1318.5;80.69
1319;80.69
1319.5;80.69
1320;80.69
1320.5;80.69
1321;80.7
1321.5;80.7
1322;80.7
1322.5;80.7
1323;80.7
1323.5;80.71
1324;80.71
1324.5;80.71
1325;80.71
1325.5;80.72
1326;80.72
1326.5;80.72
1327;80.73
1327.5;80.73
1328;80.73
1328.5;80.73
1329;80.74
1329.5;80.74
1330;80.74
1330.5;80.74
1331;80.75
1331.5;80.75
1332;80.75
1332.5;80.76
1333;80.76
1333.5;80.77
1334;80.77
1334.5;80.77
1335;80.77
1335.5;80.78
1336;80.79
1336.5;80.79
1337;80.79
1337.5;80.79
1338;80.8
1338.5;80.8
1339;80.8
1339.5;80.8
1340;80.81
1340.5;80.81
1341;80.81
1341.5;80.82
1342;80.82
1342.5;80.83
1343;80.83
1343.5;80.83
1344;80.83
1344.5;80.84
1345;80.84
1345.5;80.84
1346;80.84
1346.5;80.84
1347;80.84
1347.5;80.84
1348;80.85
1348.5;80.85
1349;80.85
1349.5;80.85
1350;80.85
1350.5;80.86
1351;80.86
1351.5;80.86
1352;80.86
1352.5;80.86
1353;80.86
1353.5;80.87
1354;80.87
1354.5;80.87
1355;80.88
1355.5;80.88
1356;80.88
1356.5;80.88
1357;80.89
1357.5;80.89
1358;80.89
1358.5;80.9
1359;80.9
1359.5;80.9
1360;80.9
1360.5;80.91
1361;80.91
1361.5;80.91
1362;80.91
1362.5;80.92
1363;80.92
1363.5;80.92
1364;80.93
1364.5;80.93
1365;80.93
1365.5;80.93
1366;80.93
1366.5;80.93
1367;80.93
1367.5;80.94
1368;80.94
1368.5;80.94
1369;80.94
1369.5;80.94
1370;80.94
1370.5;80.95
1371;80.95
1371.5;80.95
1372;80.96
1372.5;80.96
1373;80.96
1373.5;80.96
1374;80.96
1374.5;80.96
1375;80.97
1375.5;80.97
1376;80.97
1376.5;80.98
1377;80.98
1377.5;80.98
1378;80.98
1378.5;80.99
1379;80.99
1379.5;80.99
1380;81
1380.5;81
1381;81.01
1381.5;81.01
1382;81.01
1382.5;81.01
1383;81.02
1383.5;81.02
1384;81.02
1384.5;81.03
1385;81.03
1385.5;81.03
1386;81.03
1386.5;81.03
1387;81.03
1387.5;81.04
1388;81.04
1388.5;81.04
1389;81.05
1389.5;81.05
1390;81.05
1390.5;81.05
1391;81.05
1391.5;81.05
1392;81.05
1392.5;81.05
1393;81.05
1393.5;81.05
1394;81.05
1394.5;81.05
1395;81.05
1395.5;81.05
1396;81.05
1396.5;81.05
1397;81.05
1397.5;81.05
1398;81.04
1398.5;81.04
1399;81.04
1399.5;81.04
1400;81.04
1400.5;81.04
1401;81.03
1401.5;81.03
1402;81.03
1402.5;81.03
1403;81.03
1403.5;81.03
1404;81.03
1404.5;81.02
1405;81.02
1405.5;81.02
1406;81.02
1406.5;81.02
1407;81.02
1407.5;81.02
1408;81.01
1408.5;81.01
1409;81.01
1409.5;81.01
1410;81.01
1410.5;81.01
1411;81.01
1411.5;81.01
1412;81.01
1412.5;81
1413;81
1413.5;81
1414;81
1414.5;81
1415;81
1415.5;81
1416;81
1416.5;81
1417;80.99
1417.5;80.99
1418;80.99
1418.5;80.99
1419;80.99
1419.5;80.99
1420;80.99
1420.5;80.98
1421;80.98
1421.5;80.98
1422;80.98
1422.5;80.98
1423;80.98
1423.5;80.97
1424;80.97
1424.5;80.97
1425;80.97
1425.5;80.97
1426;80.96
1426.5;80.96
1427;80.96
1427.5;80.96
1428;80.96
1428.5;80.96
1429;80.96
1429.5;80.96
1430;80.96
1430.5;80.96
1431;80.96
1431.5;80.95
1432;80.95
1432.5;80.95
1433;80.94
1433.5;80.94
1434;80.94
1434.5;80.94
1435;80.93
1435.5;80.93
1436;80.93
1436.5;80.93
1437;80.93
1437.5;80.93
1438;80.93
1438.5;80.92
1439;80.92
1439.5;80.92
1440;80.92
1440.5;80.91
1441;80.91
1441.5;80.9
1442;80.9
1442.5;80.9
1443;80.89
1443.5;80.89
1444;80.88
1444.5;80.88
1445;80.88
1445.5;80.88
1446;80.87
1446.5;80.87
1447;80.87
1447.5;80.87
1448;80.87
1448.5;80.87
1449;80.87
1449.5;80.87
1450;80.87
1450.5;80.87
1451;80.87
1451.5;80.87
1452;80.87
1452.5;80.87
1453;80.88
1453.5;80.88
1454;80.88
1454.5;80.88
1455;80.88
1455.5;80.89
1456;80.89
1456.5;80.9
1457;80.9
1457.5;80.9
1458;80.9
1458.5;80.91
1459;80.91
1459.5;80.92
1460;80.92
1460.5;80.92
1461;80.93
1461.5;80.93
1462;80.93
1462.5;80.93
1463;80.93
1463.5;80.93
1464;80.94
1464.5;80.94
1465;80.94
1465.5;80.95
1466;80.95
1466.5;80.96
1467;80.96
1467.5;80.96
1468;80.97
1468.5;80.97
1469;80.98
1469.5;80.98
1470;80.99
1470.5;80.99
1471;81
1471.5;81
1472;81.01
1472.5;81.02
1473;81.02
1473.5;81.03
1474;81.03
1474.5;81.03
1475;81.03
1475.5;81.04
1476;81.04
1476.5;81.04
1477;81.05
1477.5;81.05
1478;81.05
1478.5;81.05
1479;81.05
1479.5;81.05
1480;81.05
1480.5;81.05
1481;81.05
1481.5;81.05
1482;81.05
1482.5;81.05
1483;81.05
1483.5;81.05
1484;81.05
1484.5;81.05
1485;81.05
1485.5;81.05
1486;81.05
1486.5;81.05
1487;81.05
1487.5;81.05
1488;81.05
1488.5;81.05
1489;81.04
1489.5;81.04
1490;81.04
1490.5;81.04
1491;81.04
1491.5;81.04
1492;81.04
1492.5;81.04
1493;81.04
1493.5;81.04
1494;81.04
1494.5;81.04
1495;81.04
1495.5;81.04
1496;81.04
1496.5;81.04
1497;81.04
1497.5;81.04
1498;81.04
1498.5;81.04
1499;81.03
1499.5;81.03
1500;81.03
1500.5;81.03
1501;81.03
1501.5;81.03
1502;81.03
1502.5;81.03
1503;81.03
1503.5;81.03
1504;81.03
1504.5;81.03
1505;81.03
1505.5;81.03
1506;81.03
1506.5;81.03
1507;81.03
1507.5;81.03
1508;81.03
1508.5;81.03
1509;81.03
1509.5;81.03
1510;81.03
1510.5;81.04
1511;81.04
1511.5;81.04
1512;81.04
1512.5;81.05
1513;81.05
1513.5;81.05
1514;81.06
1514.5;81.06
1515;81.06
1515.5;81.06
1516;81.06
1516.5;81.06
1517;81.07
1517.5;81.07
1518;81.07
1518.5;81.08
1519;81.08
1519.5;81.08
1520;81.08
1520.5;81.08
1521;81.08
1521.5;81.08
1522;81.08
1522.5;81.08
1523;81.08
1523.5;81.08
1524;81.09
1524.5;81.09
1525;81.09
1525.5;81.09
1526;81.09
1526.5;81.09
1527;81.09
1527.5;81.09
1528;81.09
1528.5;81.1
1529;81.1
1529.5;81.1
1530;81.1
1530.5;81.1
1531;81.1
1531.5;81.1
1532;81.11
1532.5;81.11
1533;81.11
1533.5;81.11
1534;81.11
1534.5;81.11
1535;81.11
1535.5;81.12
1536;81.12
1536.5;81.12
1537;81.12
1537.5;81.12
1538;81.12
1538.5;81.13
1539;81.13
1539.5;81.13
1540;81.14
1540.5;81.14
1541;81.14
1541.5;81.14
1542;81.15
1542.5;81.15
1543;81.15
1543.5;81.16
1544;81.16
1544.5;81.16
1545;81.16
1545.5;81.17
1546;81.17
1546.5;81.18
1547;81.18
1547.5;81.18
1548;81.19
1548.5;81.19
1549;81.19
1549.5;81.19
1550;81.19
1550.5;81.19
1551;81.19
1551.5;81.19
1552;81.2
1552.5;81.2
1553;81.2
1553.5;81.2
1554;81.2
1554.5;81.2
1555;81.2
1555.5;81.21
1556;81.21
1556.5;81.21
1557;81.21
1557.5;81.21
1558;81.21
1558.5;81.21
1559;81.21
1559.5;81.21
1560;81.21
1560.5;81.21
1561;81.21
1561.5;81.21
1562;81.21
1562.5;81.21
1563;81.21
1563.5;81.21
1564;81.21
1564.5;81.21
1565;81.21
1565.5;81.21
1566;81.21
1566.5;81.21
1567;81.21
1567.5;81.21
1568;81.21
1568.5;81.21
1569;81.22
1569.5;81.22
1570;81.22
1570.5;81.22
1571;81.22
1571.5;81.22
1572;81.22
1572.5;81.23
1573;81.23
1573.5;81.23
1574;81.23
1574.5;81.23
1575;81.23
1575.5;81.23
1576;81.24
1576.5;81.24
1577;81.24
1577.5;81.24
1578;81.24
1578.5;81.24
1579;81.24
1579.5;81.24
1580;81.24
1580.5;81.25
1581;81.25
1581.5;81.25
1582;81.25
1582.5;81.25
1583;81.26
1583.5;81.26
1584;81.26
1584.5;81.26
1585;81.27
1585.5;81.27
1586;81.27
1586.5;81.27
1587;81.28
1587.5;81.28
1588;81.28
1588.5;81.29
1589;81.29
1589.5;81.29
1590;81.29
1590.5;81.29
1591;81.29
1591.5;81.3
1592;81.3
1592.5;81.3
1593;81.3
1593.5;81.3
1594;81.3
1594.5;81.3
1595;81.3
1595.5;81.3
1596;81.29
1596.5;81.29
1597;81.29
1597.5;81.29
1598;81.29
1598.5;81.28
1599;81.28
1599.5;81.28
1600;81.28
1600.5;81.27
1601;81.26
1601.5;81.26
1602;81.25
1602.5;81.25
1603;81.25
1603.5;81.25
1604;81.24
1604.5;81.24
1605;81.23
1605.5;81.22
1606;81.22
1606.5;81.22
1607;81.22
1607.5;81.21
1608;81.21
1608.5;81.21
1609;81.21
1609.5;81.2
1610;81.2
1610.5;81.2
1611;81.2
1611.5;81.2
1612;81.19
1612.5;81.19
1613;81.19
1613.5;81.19
1614;81.19
1614.5;81.19
1615;81.19
1615.5;81.19
1616;81.19
1616.5;81.19
1617;81.19
1617.5;81.19
1618;81.19
1618.5;81.19
1619;81.2
1619.5;81.2
1620;81.2
1620.5;81.2
1621;81.2
1621.5;81.2
1622;81.21
1622.5;81.21
1623;81.21
1623.5;81.22
1624;81.22
1624.5;81.22
1625;81.22
1625.5;81.22
1626;81.22
1626.5;81.23
1627;81.23
1627.5;81.23
1628;81.23
1628.5;81.23
1629;81.23
1629.5;81.23
1630;81.23
1630.5;81.23
1631;81.23
1631.5;81.23
1632;81.23
1632.5;81.23
1633;81.23
1633.5;81.23
1634;81.23
1634.5;81.23
1635;81.23
1635.5;81.23
1636;81.23
1636.5;81.23
1637;81.22
1637.5;81.22
1638;81.22
1638.5;81.22
1639;81.21
1639.5;81.21
1640;81.21
1640.5;81.2
1641;81.2
1641.5;81.2
1642;81.2
1642.5;81.19
1643;81.19
1643.5;81.19
1644;81.19
1644.5;81.19
1645;81.19
1645.5;81.19
1646;81.19
1646.5;81.19
1647;81.19
1647.5;81.19
1648;81.19
1648.5;81.19
1649;81.19
1649.5;81.2
1650;81.2
1650.5;81.2
1651;81.2
1651.5;81.21
1652;81.21
1652.5;81.21
1653;81.21
1653.5;81.22
1654;81.23
1654.5;81.23
1655;81.23
1655.5;81.23
1656;81.24
1656.5;81.24
1657;81.24
1657.5;81.24
1658;81.25
1658.5;81.26
1659;81.26
1659.5;81.26
1660;81.26
1660.5;81.27
1661;81.27
1661.5;81.28
1662;81.28
1662.5;81.28
1663;81.29
1663.5;81.29
1664;81.29
1664.5;81.29
1665;81.3
1665.5;81.3
1666;81.3
1666.5;81.3
1667;81.31
1667.5;81.31
1668;81.31
1668.5;81.32
1669;81.32
1669.5;81.32
1670;81.32
1670.5;81.33
1671;81.33
1671.5;81.33
1672;81.34
1672.5;81.34
1673;81.34
1673.5;81.34
1674;81.34
1674.5;81.34
1675;81.35
1675.5;81.35
1676;81.35
1676.5;81.35
1677;81.35
1677.5;81.36
1678;81.36
1678.5;81.36
1679;81.36
1679.5;81.36
1680;81.37
1680.5;81.37
1681;81.37
1681.5;81.37
1682;81.37
1682.5;81.37
1683;81.38
1683.5;81.38
1684;81.38
1684.5;81.39
1685;81.39
1685.5;81.39
1686;81.39
1686.5;81.39
1687;81.39
1687.5;81.39
1688;81.39
1688.5;81.4
1689;81.4
1689.5;81.4
1690;81.4
1690.5;81.4
1691;81.4
1691.5;81.4
1692;81.4
1692.5;81.4
1693;81.4
1693.5;81.4
1694;81.4
1694.5;81.4
1695;81.4
1695.5;81.4
1696;81.4
1696.5;81.4
1697;81.4
1697.5;81.4
1698;81.4
1698.5;81.4
1699;81.4
1699.5;81.4
1700;81.4
1700.5;81.4
1701;81.4
1701.5;81.4
1702;81.41
1702.5;81.41
1703;81.41
1703.5;81.41
1704;81.41
1704.5;81.41
1705;81.41
1705.5;81.42
1706;81.42
1706.5;81.42
1707;81.42
1707.5;81.42
1708;81.42
1708.5;81.42
1709;81.43
1709.5;81.43
1710;81.43
1710.5;81.43
1711;81.43
1711.5;81.44
1712;81.44
1712.5;81.44
1713;81.44
1713.5;81.44
1714;81.44
1714.5;81.44
1715;81.44
1715.5;81.44
1716;81.44
1716.5;81.44
1717;81.44
1717.5;81.44
1718;81.44
1718.5;81.44
1719;81.44
1719.5;81.44
1720;81.44
1720.5;81.44
1721;81.44
1721.5;81.44
1722;81.44
1722.5;81.44
1723;81.44
1723.5;81.44
1724;81.44
1724.5;81.44
1725;81.44
1725.5;81.44
1726;81.44
1726.5;81.44
1727;81.44
1727.5;81.44
1728;81.44
1728.5;81.45
1729;81.45
1729.5;81.45
1730;81.45
1730.5;81.45
1731;81.45
1731.5;81.46
1732;81.46
1732.5;81.46
1733;81.47
1733.5;81.47
1734;81.47
1734.5;81.47
1735;81.47
1735.5;81.47
1736;81.48
1736.5;81.48
1737;81.48
1737.5;81.49
1738;81.49
1738.5;81.49
1739;81.49
1739.5;81.49
1740;81.49
1740.5;81.5
1741;81.5
1741.5;81.5
1742;81.5
1742.5;81.5
1743;81.5
1743.5;81.5
1744;81.5
1744.5;81.5
1745;81.5
1745.5;81.5
1746;81.5
1746.5;81.5
1747;81.5
1747.5;81.5
1748;81.5
1748.5;81.51
1749;81.51
1749.5;81.51
1750;81.51
1750.5;81.5
1751;81.5
1751.5;81.5
1752;81.5
1752.5;81.5
1753;81.5
1753.5;81.5
1754;81.5
1754.5;81.5
1755;81.49
1755.5;81.49
1756;81.49
1756.5;81.49
1757;81.49
1757.5;81.48
1758;81.48
1758.5;81.48
1759;81.48
1759.5;81.47
1760;81.47
1760.5;81.47
1761;81.47
1761.5;81.47
1762;81.46
1762.5;81.46
1763;81.46
1763.5;81.46
1764;81.45
1764.5;81.45
1765;81.45
1765.5;81.45
1766;81.45
1766.5;81.44
1767;81.44
1767.5;81.44
1768;81.44
1768.5;81.43
1769;81.43
1769.5;81.43
1770;81.42
1770.5;81.42
1771;81.42
1771.5;81.42
1772;81.42
1772.5;81.41
1773;81.41
1773.5;81.41
1774;81.41
1774.5;81.41
1775;81.41
1775.5;81.41
1776;81.41
1776.5;81.41
1777;81.41
1777.5;81.41
1778;81.41
1778.5;81.41
1779;81.41
1779.5;81.41
1780;81.41
1780.5;81.41
1781;81.41
1781.5;81.42
1782;81.42
1782.5;81.42
1783;81.42
1783.5;81.42
1784;81.42
1784.5;81.42
1785;81.42
1785.5;81.43
1786;81.43
1786.5;81.43
1787;81.43
1787.5;81.43
1788;81.44
1788.5;81.44
1789;81.44
1789.5;81.44
1790;81.44
1790.5;81.44
1791;81.44
1791.5;81.44
1792;81.44
1792.5;81.44
1793;81.44
1793.5;81.44
1794;81.44
1794.5;81.44
1795;81.44
1795.5;81.44
1796;81.44
1796.5;81.44
1797;81.44
1797.5;81.44
1798;81.44
1798.5;81.44
1799;81.44
1799.5;81.44
